timeStamp,elapsed,label,responseCode,responseMessage,threadName,dataType,success,failureMessage,bytes,sentBytes,grpThreads,allThreads,URL,Latency,IdleTime,Connect
1676755311592,913,NikonUKHomepage,200,OK,Nion UK run-3 1-2,text,true,,118930,238,5,5,https://www.nikon.co.uk/en_GB/,287,0,16
1676755311592,287,NikonUKHomepage-0,301,Moved Permanently,Nion UK run-3 1-2,,true,,232,119,5,5,http://www.nikon.co.uk/en_GB/,287,0,16
1676755311881,624,NikonUKHomepage-1,200,OK,Nion UK run-3 1-2,text,true,,118698,119,5,5,https://www.nikon.co.uk/en_GB/,511,0,63
1676755311330,1320,NikonUKHomepage,200,OK,Nion UK run-3 1-1,text,true,,118922,238,6,6,https://www.nikon.co.uk/en_GB/,279,0,8
1676755311330,279,NikonUKHomepage-0,301,Moved Permanently,Nion UK run-3 1-1,,true,,232,119,6,6,http://www.nikon.co.uk/en_GB/,279,0,8
1676755311611,1039,NikonUKHomepage-1,200,OK,Nion UK run-3 1-1,text,true,,118690,119,6,6,https://www.nikon.co.uk/en_GB/,704,0,67
1676755311843,978,NikonUKHomepage,200,OK,Nion UK run-3 1-3,text,true,,118943,238,6,6,https://www.nikon.co.uk/en_GB/,270,0,9
1676755311843,270,NikonUKHomepage-0,301,Moved Permanently,Nion UK run-3 1-3,,true,,232,119,6,6,http://www.nikon.co.uk/en_GB/,270,0,9
1676755312114,707,NikonUKHomepage-1,200,OK,Nion UK run-3 1-3,text,true,,118711,119,6,6,https://www.nikon.co.uk/en_GB/,476,0,39
1676755312089,908,NikonUKHomepage,200,OK,Nion UK run-3 1-4,text,true,,118886,238,7,7,https://www.nikon.co.uk/en_GB/,264,0,4
1676755312089,264,NikonUKHomepage-0,301,Moved Permanently,Nion UK run-3 1-4,,true,,232,119,7,7,http://www.nikon.co.uk/en_GB/,264,0,4
1676755312355,642,NikonUKHomepage-1,200,OK,Nion UK run-3 1-4,text,true,,118654,119,7,7,https://www.nikon.co.uk/en_GB/,606,0,84
1676755312583,849,NikonUKHomepage,200,OK,Nion UK run-3 1-6,text,true,,118837,238,9,9,https://www.nikon.co.uk/en_GB/,255,0,20
1676755312583,255,NikonUKHomepage-0,301,Moved Permanently,Nion UK run-3 1-6,,true,,232,119,9,9,http://www.nikon.co.uk/en_GB/,255,0,20
1676755312838,594,NikonUKHomepage-1,200,OK,Nion UK run-3 1-6,text,true,,118605,119,9,9,https://www.nikon.co.uk/en_GB/,563,0,32
1676755312342,1251,NikonUKHomepage,200,OK,Nion UK run-3 1-5,text,true,,118921,238,10,10,https://www.nikon.co.uk/en_GB/,262,0,17
1676755312342,262,NikonUKHomepage-0,301,Moved Permanently,Nion UK run-3 1-5,,true,,232,119,10,10,http://www.nikon.co.uk/en_GB/,262,0,17
1676755312606,987,NikonUKHomepage-1,200,OK,Nion UK run-3 1-5,text,true,,118689,119,10,10,https://www.nikon.co.uk/en_GB/,512,0,48
1676755312830,1036,NikonUKHomepage,200,OK,Nion UK run-3 1-7,text,true,,118931,238,11,11,https://www.nikon.co.uk/en_GB/,251,0,4
1676755312830,251,NikonUKHomepage-0,301,Moved Permanently,Nion UK run-3 1-7,,true,,232,119,11,11,http://www.nikon.co.uk/en_GB/,251,0,4
1676755313084,782,NikonUKHomepage-1,200,OK,Nion UK run-3 1-7,text,true,,118699,119,11,11,https://www.nikon.co.uk/en_GB/,589,0,29
1676755313089,901,NikonUKHomepage,200,OK,Nion UK run-3 1-8,text,true,,118930,238,11,11,https://www.nikon.co.uk/en_GB/,248,0,7
1676755313089,248,NikonUKHomepage-0,301,Moved Permanently,Nion UK run-3 1-8,,true,,232,119,11,11,http://www.nikon.co.uk/en_GB/,248,0,7
1676755313339,651,NikonUKHomepage-1,200,OK,Nion UK run-3 1-8,text,true,,118698,119,11,11,https://www.nikon.co.uk/en_GB/,614,0,38
1676755313332,1378,NikonUKHomepage,200,OK,Nion UK run-3 1-9,text,true,,118915,238,14,14,https://www.nikon.co.uk/en_GB/,255,0,6
1676755313332,255,NikonUKHomepage-0,301,Moved Permanently,Nion UK run-3 1-9,,true,,232,119,14,14,http://www.nikon.co.uk/en_GB/,255,0,6
1676755313588,1122,NikonUKHomepage-1,200,OK,Nion UK run-3 1-9,text,true,,118683,119,14,14,https://www.nikon.co.uk/en_GB/,678,0,23
1676755314320,750,NikonUKHomepage,200,OK,Nion UK run-3 1-13,text,true,,118844,238,15,15,https://www.nikon.co.uk/en_GB/,249,0,8
1676755314320,249,NikonUKHomepage-0,301,Moved Permanently,Nion UK run-3 1-13,,true,,232,119,15,15,http://www.nikon.co.uk/en_GB/,249,0,8
1676755314571,499,NikonUKHomepage-1,200,OK,Nion UK run-3 1-13,text,true,,118612,119,15,15,https://www.nikon.co.uk/en_GB/,468,0,28
1676755313581,1552,NikonUKHomepage,200,OK,Nion UK run-3 1-10,text,true,,118893,238,16,16,https://www.nikon.co.uk/en_GB/,437,0,6
1676755313581,437,NikonUKHomepage-0,301,Moved Permanently,Nion UK run-3 1-10,,true,,232,119,16,16,http://www.nikon.co.uk/en_GB/,437,0,6
1676755314019,1114,NikonUKHomepage-1,200,OK,Nion UK run-3 1-10,text,true,,118661,119,16,16,https://www.nikon.co.uk/en_GB/,1030,0,38
1676755313832,1330,NikonUKHomepage,200,OK,Nion UK run-3 1-11,text,true,,118943,238,16,16,https://www.nikon.co.uk/en_GB/,267,0,6
1676755313832,267,NikonUKHomepage-0,301,Moved Permanently,Nion UK run-3 1-11,,true,,232,119,16,16,http://www.nikon.co.uk/en_GB/,267,0,6
1676755314100,1062,NikonUKHomepage-1,200,OK,Nion UK run-3 1-11,text,true,,118711,119,16,16,https://www.nikon.co.uk/en_GB/,588,0,30
1676755312821,3006,Nikon Z-30,200,OK,Nion UK run-3 1-3,text,true,,186127,280,18,18,https://www.nikon.co.uk/en_GB/product/cameras/z-30/,253,0,0
1676755312821,253,Nikon Z-30-0,301,Moved Permanently,Nion UK run-3 1-3,,true,,253,140,18,18,http://www.nikon.co.uk/en_GB/product/cameras/z-30/,253,0,0
1676755313074,2753,Nikon Z-30-1,200,OK,Nion UK run-3 1-3,text,true,,185874,140,18,18,https://www.nikon.co.uk/en_GB/product/cameras/z-30/,2210,0,0
1676755314832,1248,NikonUKHomepage,200,OK,Nion UK run-3 1-15,text,true,,119012,238,20,20,https://www.nikon.co.uk/en_GB/,247,0,4
1676755314832,247,NikonUKHomepage-0,301,Moved Permanently,Nion UK run-3 1-15,,true,,232,119,20,20,http://www.nikon.co.uk/en_GB/,247,0,4
1676755315080,1000,NikonUKHomepage-1,200,OK,Nion UK run-3 1-15,text,true,,118780,119,20,20,https://www.nikon.co.uk/en_GB/,706,0,20
1676755314080,2103,NikonUKHomepage,200,OK,Nion UK run-3 1-12,text,true,,118710,238,20,20,https://www.nikon.co.uk/en_GB/,243,0,4
1676755314080,243,NikonUKHomepage-0,301,Moved Permanently,Nion UK run-3 1-12,,true,,232,119,20,20,http://www.nikon.co.uk/en_GB/,243,0,4
1676755314323,1860,NikonUKHomepage-1,200,OK,Nion UK run-3 1-12,text,true,,118478,119,20,20,https://www.nikon.co.uk/en_GB/,1447,0,21
1676755315080,1358,NikonUKHomepage,200,OK,Nion UK run-3 1-16,text,true,,118939,238,20,20,https://www.nikon.co.uk/en_GB/,249,0,5
1676755315080,249,NikonUKHomepage-0,301,Moved Permanently,Nion UK run-3 1-16,,true,,232,119,20,20,http://www.nikon.co.uk/en_GB/,249,0,5
1676755315329,1109,NikonUKHomepage-1,200,OK,Nion UK run-3 1-16,text,true,,118707,119,20,20,https://www.nikon.co.uk/en_GB/,608,0,18
1676755313594,2891,Nikon Z-30,200,OK,Nion UK run-3 1-5,text,true,,186164,280,20,20,https://www.nikon.co.uk/en_GB/product/cameras/z-30/,238,0,0
1676755313594,238,Nikon Z-30-0,301,Moved Permanently,Nion UK run-3 1-5,,true,,253,140,20,20,http://www.nikon.co.uk/en_GB/product/cameras/z-30/,238,0,0
1676755313832,2653,Nikon Z-30-1,200,OK,Nion UK run-3 1-5,text,true,,185911,140,20,20,https://www.nikon.co.uk/en_GB/product/cameras/z-30/,2391,0,0
1676755315330,1284,NikonUKHomepage,200,OK,Nion UK run-3 1-17,text,true,,118866,238,20,20,https://www.nikon.co.uk/en_GB/,265,0,9
1676755315330,265,NikonUKHomepage-0,301,Moved Permanently,Nion UK run-3 1-17,,true,,232,119,20,20,http://www.nikon.co.uk/en_GB/,265,0,9
1676755315595,1019,NikonUKHomepage-1,200,OK,Nion UK run-3 1-17,text,true,,118634,119,20,20,https://www.nikon.co.uk/en_GB/,901,0,20
1676755314583,2521,NikonUKHomepage,200,OK,Nion UK run-3 1-14,text,true,,118689,238,20,20,https://www.nikon.co.uk/en_GB/,430,0,4
1676755314583,430,NikonUKHomepage-0,301,Moved Permanently,Nion UK run-3 1-14,,true,,232,119,20,20,http://www.nikon.co.uk/en_GB/,430,0,4
1676755315015,2089,NikonUKHomepage-1,200,OK,Nion UK run-3 1-14,text,true,,118457,119,20,20,https://www.nikon.co.uk/en_GB/,1475,0,42
1676755315581,1893,NikonUKHomepage,200,OK,Nion UK run-3 1-18,text,true,,118937,238,20,20,https://www.nikon.co.uk/en_GB/,248,0,5
1676755315581,248,NikonUKHomepage-0,301,Moved Permanently,Nion UK run-3 1-18,,true,,232,119,20,20,http://www.nikon.co.uk/en_GB/,248,0,5
1676755315831,1643,NikonUKHomepage-1,200,OK,Nion UK run-3 1-18,text,true,,118705,119,20,20,https://www.nikon.co.uk/en_GB/,1389,0,26
1676755315070,2405,Nikon Z-30,200,OK,Nion UK run-3 1-13,text,true,,186093,280,20,20,https://www.nikon.co.uk/en_GB/product/cameras/z-30/,259,0,0
1676755315070,259,Nikon Z-30-0,301,Moved Permanently,Nion UK run-3 1-13,,true,,253,140,20,20,http://www.nikon.co.uk/en_GB/product/cameras/z-30/,259,0,0
1676755315329,2146,Nikon Z-30-1,200,OK,Nion UK run-3 1-13,text,true,,185840,140,20,20,https://www.nikon.co.uk/en_GB/product/cameras/z-30/,2075,0,0
1676755312997,4485,Nikon Z-30,200,OK,Nion UK run-3 1-4,text,true,,186104,280,20,20,https://www.nikon.co.uk/en_GB/product/cameras/z-30/,253,0,0
1676755312997,253,Nikon Z-30-0,301,Moved Permanently,Nion UK run-3 1-4,,true,,253,140,20,20,http://www.nikon.co.uk/en_GB/product/cameras/z-30/,253,0,0
1676755313250,4232,Nikon Z-30-1,200,OK,Nion UK run-3 1-4,text,true,,185851,140,20,20,https://www.nikon.co.uk/en_GB/product/cameras/z-30/,3969,0,0
1676755315827,1667,NikonUKHomepage,200,OK,Nion UK run-3 1-3,text,true,,118867,238,20,20,https://www.nikon.co.uk/en_GB/,268,0,0
1676755315827,268,NikonUKHomepage-0,301,Moved Permanently,Nion UK run-3 1-3,,true,,232,119,20,20,http://www.nikon.co.uk/en_GB/,268,0,0
1676755316095,1399,NikonUKHomepage-1,200,OK,Nion UK run-3 1-3,text,true,,118635,119,20,20,https://www.nikon.co.uk/en_GB/,1114,0,0
1676755312507,5088,Nikon Z-30,200,OK,Nion UK run-3 1-2,text,true,,186111,280,20,20,https://www.nikon.co.uk/en_GB/product/cameras/z-30/,243,0,0
1676755312507,243,Nikon Z-30-0,301,Moved Permanently,Nion UK run-3 1-2,,true,,253,140,20,20,http://www.nikon.co.uk/en_GB/product/cameras/z-30/,243,0,0
1676755312750,4845,Nikon Z-30-1,200,OK,Nion UK run-3 1-2,text,true,,185858,140,20,20,https://www.nikon.co.uk/en_GB/product/cameras/z-30/,4459,0,0
1676755315832,1874,NikonUKHomepage,200,OK,Nion UK run-3 1-19,text,true,,118689,238,20,20,https://www.nikon.co.uk/en_GB/,263,0,4
1676755315832,263,NikonUKHomepage-0,301,Moved Permanently,Nion UK run-3 1-19,,true,,232,119,20,20,http://www.nikon.co.uk/en_GB/,263,0,4
1676755316095,1611,NikonUKHomepage-1,200,OK,Nion UK run-3 1-19,text,true,,118457,119,20,20,https://www.nikon.co.uk/en_GB/,996,0,18
1676755315162,2650,Nikon Z-30,200,OK,Nion UK run-3 1-11,text,true,,186156,280,20,20,https://www.nikon.co.uk/en_GB/product/cameras/z-30/,225,0,0
1676755315162,225,Nikon Z-30-0,301,Moved Permanently,Nion UK run-3 1-11,,true,,253,140,20,20,http://www.nikon.co.uk/en_GB/product/cameras/z-30/,225,0,0
1676755315387,2425,Nikon Z-30-1,200,OK,Nion UK run-3 1-11,text,true,,185903,140,20,20,https://www.nikon.co.uk/en_GB/product/cameras/z-30/,2162,0,0
1676755312651,5164,Nikon Z-30,200,OK,Nion UK run-3 1-1,text,true,,186115,280,20,20,https://www.nikon.co.uk/en_GB/product/cameras/z-30/,243,0,0
1676755312651,243,Nikon Z-30-0,301,Moved Permanently,Nion UK run-3 1-1,,true,,253,140,20,20,http://www.nikon.co.uk/en_GB/product/cameras/z-30/,243,0,0
1676755312894,4921,Nikon Z-30-1,200,OK,Nion UK run-3 1-1,text,true,,185862,140,20,20,https://www.nikon.co.uk/en_GB/product/cameras/z-30/,4342,0,0
1676755316082,1845,NikonUKHomepage,200,OK,Nion UK run-3 1-20,text,true,,118929,238,20,20,https://www.nikon.co.uk/en_GB/,431,0,4
1676755316082,431,NikonUKHomepage-0,301,Moved Permanently,Nion UK run-3 1-20,,true,,232,119,20,20,http://www.nikon.co.uk/en_GB/,431,0,4
1676755316514,1413,NikonUKHomepage-1,200,OK,Nion UK run-3 1-20,text,true,,118697,119,20,20,https://www.nikon.co.uk/en_GB/,952,0,23
1676755317476,1082,NikonUKHomepage,200,OK,Nion UK run-3 1-13,text,true,,118908,238,20,20,https://www.nikon.co.uk/en_GB/,237,0,0
1676755317476,237,NikonUKHomepage-0,301,Moved Permanently,Nion UK run-3 1-13,,true,,232,119,20,20,http://www.nikon.co.uk/en_GB/,237,0,0
1676755317713,845,NikonUKHomepage-1,200,OK,Nion UK run-3 1-13,text,true,,118676,119,20,20,https://www.nikon.co.uk/en_GB/,521,0,0
1676755313433,5289,Nikon Z-30,200,OK,Nion UK run-3 1-6,text,true,,186085,280,20,20,https://www.nikon.co.uk/en_GB/product/cameras/z-30/,251,0,0
1676755313433,251,Nikon Z-30-0,301,Moved Permanently,Nion UK run-3 1-6,,true,,253,140,20,20,http://www.nikon.co.uk/en_GB/product/cameras/z-30/,251,0,0
1676755313684,5038,Nikon Z-30-1,200,OK,Nion UK run-3 1-6,text,true,,185832,140,20,20,https://www.nikon.co.uk/en_GB/product/cameras/z-30/,4975,0,0
1676755316485,2267,NikonUKHomepage,200,OK,Nion UK run-3 1-5,text,true,,118889,238,20,20,https://www.nikon.co.uk/en_GB/,242,0,0
1676755316485,242,NikonUKHomepage-0,301,Moved Permanently,Nion UK run-3 1-5,,true,,232,119,20,20,http://www.nikon.co.uk/en_GB/,242,0,0
1676755316727,2025,NikonUKHomepage-1,200,OK,Nion UK run-3 1-5,text,true,,118657,119,20,20,https://www.nikon.co.uk/en_GB/,1356,0,0
1676755317482,1529,NikonUKHomepage,200,OK,Nion UK run-3 1-4,text,true,,118900,238,20,20,https://www.nikon.co.uk/en_GB/,260,0,0
1676755317482,260,NikonUKHomepage-0,301,Moved Permanently,Nion UK run-3 1-4,,true,,232,119,20,20,http://www.nikon.co.uk/en_GB/,260,0,0
1676755317743,1268,NikonUKHomepage-1,200,OK,Nion UK run-3 1-4,text,true,,118668,119,20,20,https://www.nikon.co.uk/en_GB/,930,0,0
1676755317816,3557,NikonUKHomepage,200,OK,Nion UK run-3 1-1,text,true,,118916,238,20,20,https://www.nikon.co.uk/en_GB/,253,0,0
1676755317816,253,NikonUKHomepage-0,301,Moved Permanently,Nion UK run-3 1-1,,true,,232,119,20,20,http://www.nikon.co.uk/en_GB/,253,0,0
1676755318069,3304,NikonUKHomepage-1,200,OK,Nion UK run-3 1-1,text,true,,118684,119,20,20,https://www.nikon.co.uk/en_GB/,3266,0,0
1676755317596,3998,NikonUKHomepage,200,OK,Nion UK run-3 1-2,text,true,,118893,238,20,20,https://www.nikon.co.uk/en_GB/,264,0,0
1676755317596,264,NikonUKHomepage-0,301,Moved Permanently,Nion UK run-3 1-2,,true,,232,119,20,20,http://www.nikon.co.uk/en_GB/,264,0,0
1676755317860,3734,NikonUKHomepage-1,200,OK,Nion UK run-3 1-2,text,true,,118661,119,20,20,https://www.nikon.co.uk/en_GB/,3308,0,0
1676755318723,3455,NikonUKHomepage,200,OK,Nion UK run-3 1-6,text,true,,118778,238,20,20,https://www.nikon.co.uk/en_GB/,233,0,0
1676755318723,233,NikonUKHomepage-0,301,Moved Permanently,Nion UK run-3 1-6,,true,,232,119,20,20,http://www.nikon.co.uk/en_GB/,233,0,0
1676755318957,3221,NikonUKHomepage-1,200,OK,Nion UK run-3 1-6,text,true,,118546,119,20,20,https://www.nikon.co.uk/en_GB/,3203,0,0
1676755317812,4408,NikonUKHomepage,200,OK,Nion UK run-3 1-11,text,true,,119023,238,20,20,https://www.nikon.co.uk/en_GB/,221,0,0
1676755317812,221,NikonUKHomepage-0,301,Moved Permanently,Nion UK run-3 1-11,,true,,232,119,20,20,http://www.nikon.co.uk/en_GB/,221,0,0
1676755318033,4187,NikonUKHomepage-1,200,OK,Nion UK run-3 1-11,text,true,,118791,119,20,20,https://www.nikon.co.uk/en_GB/,2569,0,0
1676755317105,5454,Nikon Z-30,200,OK,Nion UK run-3 1-14,text,true,,186119,280,20,20,https://www.nikon.co.uk/en_GB/product/cameras/z-30/,242,0,0
1676755317105,242,Nikon Z-30-0,301,Moved Permanently,Nion UK run-3 1-14,,true,,253,140,20,20,http://www.nikon.co.uk/en_GB/product/cameras/z-30/,242,0,0
1676755317347,5212,Nikon Z-30-1,200,OK,Nion UK run-3 1-14,text,true,,185866,140,20,20,https://www.nikon.co.uk/en_GB/product/cameras/z-30/,4675,0,0
1676755317707,5368,Nikon Z-30,200,OK,Nion UK run-3 1-19,text,true,,186115,280,20,20,https://www.nikon.co.uk/en_GB/product/cameras/z-30/,251,0,0
1676755317707,251,Nikon Z-30-0,301,Moved Permanently,Nion UK run-3 1-19,,true,,253,140,20,20,http://www.nikon.co.uk/en_GB/product/cameras/z-30/,251,0,0
1676755317959,5116,Nikon Z-30-1,200,OK,Nion UK run-3 1-19,text,true,,185862,140,20,20,https://www.nikon.co.uk/en_GB/product/cameras/z-30/,4928,0,0
1676755318559,4625,Nikon Z-30,200,OK,Nion UK run-3 1-13,text,true,,186096,280,20,20,https://www.nikon.co.uk/en_GB/product/cameras/z-30/,240,0,0
1676755318559,240,Nikon Z-30-0,301,Moved Permanently,Nion UK run-3 1-13,,true,,253,140,20,20,http://www.nikon.co.uk/en_GB/product/cameras/z-30/,240,0,0
1676755318799,4385,Nikon Z-30-1,200,OK,Nion UK run-3 1-13,text,true,,185843,140,20,20,https://www.nikon.co.uk/en_GB/product/cameras/z-30/,4142,0,0
1676755322559,783,NikonUKHomepage,200,OK,Nion UK run-3 1-14,text,true,,118757,238,20,20,https://www.nikon.co.uk/en_GB/,243,0,0
1676755322559,243,NikonUKHomepage-0,301,Moved Permanently,Nion UK run-3 1-14,,true,,232,119,20,20,http://www.nikon.co.uk/en_GB/,243,0,0
1676755322803,539,NikonUKHomepage-1,200,OK,Nion UK run-3 1-14,text,true,,118525,119,20,20,https://www.nikon.co.uk/en_GB/,435,0,0
1676755319012,4490,Nikon Z-30,200,OK,Nion UK run-3 1-4,text,true,,185827,280,20,20,https://www.nikon.co.uk/en_GB/product/cameras/z-30/,259,0,0
1676755319012,259,Nikon Z-30-0,301,Moved Permanently,Nion UK run-3 1-4,,true,,253,140,20,20,http://www.nikon.co.uk/en_GB/product/cameras/z-30/,259,0,0
1676755319272,4230,Nikon Z-30-1,200,OK,Nion UK run-3 1-4,text,true,,185574,140,20,20,https://www.nikon.co.uk/en_GB/product/cameras/z-30/,3606,0,0
1676755313991,10060,Nikon Z-30,200,OK,Nion UK run-3 1-8,text,true,,186121,280,20,20,https://www.nikon.co.uk/en_GB/product/cameras/z-30/,237,0,0
1676755313991,237,Nikon Z-30-0,301,Moved Permanently,Nion UK run-3 1-8,,true,,253,140,20,20,http://www.nikon.co.uk/en_GB/product/cameras/z-30/,237,0,0
1676755314228,9823,Nikon Z-30-1,200,OK,Nion UK run-3 1-8,text,true,,185868,140,20,20,https://www.nikon.co.uk/en_GB/product/cameras/z-30/,9249,0,0
1676755324052,949,NikonUKHomepage,200,OK,Nion UK run-3 1-8,text,true,,118902,238,20,20,https://www.nikon.co.uk/en_GB/,253,0,0
1676755324052,253,NikonUKHomepage-0,301,Moved Permanently,Nion UK run-3 1-8,,true,,232,119,20,20,http://www.nikon.co.uk/en_GB/,253,0,0
1676755324305,696,NikonUKHomepage-1,200,OK,Nion UK run-3 1-8,text,true,,118670,119,20,20,https://www.nikon.co.uk/en_GB/,412,0,0
1676755323076,2026,NikonUKHomepage,200,OK,Nion UK run-3 1-19,text,true,,118909,238,20,20,https://www.nikon.co.uk/en_GB/,245,0,0
1676755323076,245,NikonUKHomepage-0,301,Moved Permanently,Nion UK run-3 1-19,,true,,232,119,20,20,http://www.nikon.co.uk/en_GB/,245,0,0
1676755323321,1781,NikonUKHomepage-1,200,OK,Nion UK run-3 1-19,text,true,,118677,119,20,20,https://www.nikon.co.uk/en_GB/,1735,0,0
1676755323185,1995,NikonUKHomepage,200,OK,Nion UK run-3 1-13,text,true,,118902,238,20,20,https://www.nikon.co.uk/en_GB/,250,0,0
1676755323185,250,NikonUKHomepage-0,301,Moved Permanently,Nion UK run-3 1-13,,true,,232,119,20,20,http://www.nikon.co.uk/en_GB/,250,0,0
1676755323435,1745,NikonUKHomepage-1,200,OK,Nion UK run-3 1-13,text,true,,118670,119,20,20,https://www.nikon.co.uk/en_GB/,1656,0,0
1676755323504,1677,NikonUKHomepage,200,OK,Nion UK run-3 1-4,text,true,,118916,238,20,20,https://www.nikon.co.uk/en_GB/,255,0,0
1676755323504,255,NikonUKHomepage-0,301,Moved Permanently,Nion UK run-3 1-4,,true,,232,119,20,20,http://www.nikon.co.uk/en_GB/,255,0,0
1676755323760,1421,NikonUKHomepage-1,200,OK,Nion UK run-3 1-4,text,true,,118684,119,20,20,https://www.nikon.co.uk/en_GB/,1314,0,0
1676755313866,11726,Nikon Z-30,200,OK,Nion UK run-3 1-7,text,true,,186154,280,20,20,https://www.nikon.co.uk/en_GB/product/cameras/z-30/,237,0,0
1676755313866,237,Nikon Z-30-0,301,Moved Permanently,Nion UK run-3 1-7,,true,,253,140,20,20,http://www.nikon.co.uk/en_GB/product/cameras/z-30/,237,0,0
1676755314103,11489,Nikon Z-30-1,200,OK,Nion UK run-3 1-7,text,true,,185901,140,20,20,https://www.nikon.co.uk/en_GB/product/cameras/z-30/,10968,0,0
1676755323343,2957,Nikon Z-30,200,OK,Nion UK run-3 1-14,text,true,,186129,280,20,20,https://www.nikon.co.uk/en_GB/product/cameras/z-30/,252,0,0
1676755323343,252,Nikon Z-30-0,301,Moved Permanently,Nion UK run-3 1-14,,true,,253,140,20,20,http://www.nikon.co.uk/en_GB/product/cameras/z-30/,252,0,0
1676755323595,2705,Nikon Z-30-1,200,OK,Nion UK run-3 1-14,text,true,,185876,140,20,20,https://www.nikon.co.uk/en_GB/product/cameras/z-30/,2156,0,0
1676755314710,11904,Nikon Z-30,200,OK,Nion UK run-3 1-9,text,true,,186179,280,20,20,https://www.nikon.co.uk/en_GB/product/cameras/z-30/,255,0,0
1676755314710,255,Nikon Z-30-0,301,Moved Permanently,Nion UK run-3 1-9,,true,,253,140,20,20,http://www.nikon.co.uk/en_GB/product/cameras/z-30/,255,0,0
1676755314965,11649,Nikon Z-30-1,200,OK,Nion UK run-3 1-9,text,true,,185926,140,20,20,https://www.nikon.co.uk/en_GB/product/cameras/z-30/,10846,0,0
1676755326616,920,NikonUKHomepage,200,OK,Nion UK run-3 1-9,text,true,,118683,238,20,20,https://www.nikon.co.uk/en_GB/,259,0,0
1676755326616,259,NikonUKHomepage-0,301,Moved Permanently,Nion UK run-3 1-9,,true,,232,119,20,20,http://www.nikon.co.uk/en_GB/,259,0,0
1676755326876,660,NikonUKHomepage-1,200,OK,Nion UK run-3 1-9,text,true,,118451,119,20,20,https://www.nikon.co.uk/en_GB/,453,0,0
1676755325594,1994,NikonUKHomepage,200,OK,Nion UK run-3 1-7,text,true,,118908,238,20,20,https://www.nikon.co.uk/en_GB/,244,0,0
1676755325594,244,NikonUKHomepage-0,301,Moved Permanently,Nion UK run-3 1-7,,true,,232,119,20,20,http://www.nikon.co.uk/en_GB/,244,0,0
1676755325838,1750,NikonUKHomepage-1,200,OK,Nion UK run-3 1-7,text,true,,118676,119,20,20,https://www.nikon.co.uk/en_GB/,1375,0,0
1676755325002,2673,Nikon Z-30,200,OK,Nion UK run-3 1-8,text,true,,186122,280,20,20,https://www.nikon.co.uk/en_GB/product/cameras/z-30/,259,0,0
1676755325002,259,Nikon Z-30-0,301,Moved Permanently,Nion UK run-3 1-8,,true,,253,140,20,20,http://www.nikon.co.uk/en_GB/product/cameras/z-30/,259,0,0
1676755325262,2413,Nikon Z-30-1,200,OK,Nion UK run-3 1-8,text,true,,185869,140,20,20,https://www.nikon.co.uk/en_GB/product/cameras/z-30/,2128,0,0
1676755325180,2684,Nikon Z-30,200,OK,Nion UK run-3 1-13,text,true,,185882,280,20,20,https://www.nikon.co.uk/en_GB/product/cameras/z-30/,252,0,0
1676755325180,252,Nikon Z-30-0,301,Moved Permanently,Nion UK run-3 1-13,,true,,253,140,20,20,http://www.nikon.co.uk/en_GB/product/cameras/z-30/,252,0,0
1676755325432,2432,Nikon Z-30-1,200,OK,Nion UK run-3 1-13,text,true,,185629,140,20,20,https://www.nikon.co.uk/en_GB/product/cameras/z-30/,2217,0,0
1676755316183,11795,Nikon Z-30,200,OK,Nion UK run-3 1-12,text,true,,186070,280,20,20,https://www.nikon.co.uk/en_GB/product/cameras/z-30/,240,0,0
1676755316183,240,Nikon Z-30-0,301,Moved Permanently,Nion UK run-3 1-12,,true,,253,140,20,20,http://www.nikon.co.uk/en_GB/product/cameras/z-30/,240,0,0
1676755316423,11555,Nikon Z-30-1,200,OK,Nion UK run-3 1-12,text,true,,185817,140,20,20,https://www.nikon.co.uk/en_GB/product/cameras/z-30/,11483,0,0
1676755315133,13329,Nikon Z-30,200,OK,Nion UK run-3 1-10,text,true,,186169,280,20,20,https://www.nikon.co.uk/en_GB/product/cameras/z-30/,254,0,0
1676755315133,254,Nikon Z-30-0,301,Moved Permanently,Nion UK run-3 1-10,,true,,253,140,20,20,http://www.nikon.co.uk/en_GB/product/cameras/z-30/,254,0,0
1676755315387,13075,Nikon Z-30-1,200,OK,Nion UK run-3 1-10,text,true,,185916,140,20,20,https://www.nikon.co.uk/en_GB/product/cameras/z-30/,12497,0,0
1676755326301,2180,NikonUKHomepage,200,OK,Nion UK run-3 1-14,text,true,,118733,238,20,20,https://www.nikon.co.uk/en_GB/,221,0,0
1676755326301,221,NikonUKHomepage-0,301,Moved Permanently,Nion UK run-3 1-14,,true,,232,119,20,20,http://www.nikon.co.uk/en_GB/,221,0,0
1676755326522,1959,NikonUKHomepage-1,200,OK,Nion UK run-3 1-14,text,true,,118501,119,20,20,https://www.nikon.co.uk/en_GB/,1346,0,0
1676755327676,911,NikonUKHomepage,200,OK,Nion UK run-3 1-8,text,true,,118900,238,20,20,https://www.nikon.co.uk/en_GB/,259,0,0
1676755327676,259,NikonUKHomepage-0,301,Moved Permanently,Nion UK run-3 1-8,,true,,232,119,20,20,http://www.nikon.co.uk/en_GB/,259,0,0
1676755327934,653,NikonUKHomepage-1,200,OK,Nion UK run-3 1-8,text,true,,118668,119,20,20,https://www.nikon.co.uk/en_GB/,537,0,0
1676755327863,798,NikonUKHomepage,200,OK,Nion UK run-3 1-13,text,true,,118942,238,20,20,https://www.nikon.co.uk/en_GB/,252,0,0
1676755327863,253,NikonUKHomepage-0,301,Moved Permanently,Nion UK run-3 1-13,,true,,232,119,20,20,http://www.nikon.co.uk/en_GB/,252,0,0
1676755328116,545,NikonUKHomepage-1,200,OK,Nion UK run-3 1-13,text,true,,118710,119,20,20,https://www.nikon.co.uk/en_GB/,497,0,0
1676755327978,954,NikonUKHomepage,200,OK,Nion UK run-3 1-12,text,true,,118900,238,20,20,https://www.nikon.co.uk/en_GB/,253,0,0
1676755327978,253,NikonUKHomepage-0,301,Moved Permanently,Nion UK run-3 1-12,,true,,232,119,20,20,http://www.nikon.co.uk/en_GB/,253,0,0
1676755328231,701,NikonUKHomepage-1,200,OK,Nion UK run-3 1-12,text,true,,118668,119,20,20,https://www.nikon.co.uk/en_GB/,564,0,0
1676755316438,12604,Nikon Z-30,200,OK,Nion UK run-3 1-16,text,true,,186120,280,20,20,https://www.nikon.co.uk/en_GB/product/cameras/z-30/,238,0,0
1676755316438,238,Nikon Z-30-0,301,Moved Permanently,Nion UK run-3 1-16,,true,,253,140,20,20,http://www.nikon.co.uk/en_GB/product/cameras/z-30/,238,0,0
1676755316676,12366,Nikon Z-30-1,200,OK,Nion UK run-3 1-16,text,true,,185867,140,20,20,https://www.nikon.co.uk/en_GB/product/cameras/z-30/,11911,0,0
1676755316615,12716,Nikon Z-30,200,OK,Nion UK run-3 1-17,text,true,,186132,280,20,20,https://www.nikon.co.uk/en_GB/product/cameras/z-30/,256,0,0
1676755316615,256,Nikon Z-30-0,301,Moved Permanently,Nion UK run-3 1-17,,true,,253,140,20,20,http://www.nikon.co.uk/en_GB/product/cameras/z-30/,256,0,0
1676755316871,12460,Nikon Z-30-1,200,OK,Nion UK run-3 1-17,text,true,,185879,140,20,20,https://www.nikon.co.uk/en_GB/product/cameras/z-30/,12328,0,0
1676755322179,7208,Nikon Z-30,200,OK,Nion UK run-3 1-6,text,true,,185872,280,20,20,https://www.nikon.co.uk/en_GB/product/cameras/z-30/,237,0,0
1676755322179,237,Nikon Z-30-0,301,Moved Permanently,Nion UK run-3 1-6,,true,,253,140,20,20,http://www.nikon.co.uk/en_GB/product/cameras/z-30/,237,0,0
1676755322417,6970,Nikon Z-30-1,200,OK,Nion UK run-3 1-6,text,true,,185619,140,20,20,https://www.nikon.co.uk/en_GB/product/cameras/z-30/,6753,0,0
1676755328462,954,NikonUKHomepage,200,OK,Nion UK run-3 1-10,text,true,,118894,238,20,20,https://www.nikon.co.uk/en_GB/,236,0,0
1676755328462,236,NikonUKHomepage-0,301,Moved Permanently,Nion UK run-3 1-10,,true,,232,119,20,20,http://www.nikon.co.uk/en_GB/,236,0,0
1676755328699,717,NikonUKHomepage-1,200,OK,Nion UK run-3 1-10,text,true,,118662,119,20,20,https://www.nikon.co.uk/en_GB/,624,0,0
1676755316081,13347,Nikon Z-30,200,OK,Nion UK run-3 1-15,text,true,,185800,280,20,20,https://www.nikon.co.uk/en_GB/product/cameras/z-30/,257,0,0
1676755316081,257,Nikon Z-30-0,301,Moved Permanently,Nion UK run-3 1-15,,true,,253,140,20,20,http://www.nikon.co.uk/en_GB/product/cameras/z-30/,257,0,0
1676755316338,13090,Nikon Z-30-1,200,OK,Nion UK run-3 1-15,text,true,,185547,140,20,20,https://www.nikon.co.uk/en_GB/product/cameras/z-30/,12468,0,0
1676755317474,11974,Nikon Z-30,200,OK,Nion UK run-3 1-18,text,true,,186160,280,20,20,https://www.nikon.co.uk/en_GB/product/cameras/z-30/,254,0,0
1676755317474,254,Nikon Z-30-0,301,Moved Permanently,Nion UK run-3 1-18,,true,,253,140,20,20,http://www.nikon.co.uk/en_GB/product/cameras/z-30/,254,0,0
1676755317728,11720,Nikon Z-30-1,200,OK,Nion UK run-3 1-18,text,true,,185907,140,20,20,https://www.nikon.co.uk/en_GB/product/cameras/z-30/,11179,0,0
1676755317494,12317,Nikon Z-30,200,OK,Nion UK run-3 1-3,text,true,,186155,280,20,20,https://www.nikon.co.uk/en_GB/product/cameras/z-30/,222,0,0
1676755317494,222,Nikon Z-30-0,301,Moved Permanently,Nion UK run-3 1-3,,true,,253,140,20,20,http://www.nikon.co.uk/en_GB/product/cameras/z-30/,222,0,0
1676755317716,12095,Nikon Z-30-1,200,OK,Nion UK run-3 1-3,text,true,,185902,140,20,20,https://www.nikon.co.uk/en_GB/product/cameras/z-30/,11920,0,0
1676755317928,11957,Nikon Z-30,200,OK,Nion UK run-3 1-20,text,true,,186138,280,20,20,https://www.nikon.co.uk/en_GB/product/cameras/z-30/,252,0,0
1676755317928,252,Nikon Z-30-0,301,Moved Permanently,Nion UK run-3 1-20,,true,,253,140,20,20,http://www.nikon.co.uk/en_GB/product/cameras/z-30/,252,0,0
1676755318180,11705,Nikon Z-30-1,200,OK,Nion UK run-3 1-20,text,true,,185885,140,20,20,https://www.nikon.co.uk/en_GB/product/cameras/z-30/,11611,0,0
1676755318753,11255,Nikon Z-30,200,OK,Nion UK run-3 1-5,text,true,,186121,280,20,20,https://www.nikon.co.uk/en_GB/product/cameras/z-30/,251,0,0
1676755318753,251,Nikon Z-30-0,301,Moved Permanently,Nion UK run-3 1-5,,true,,253,140,20,20,http://www.nikon.co.uk/en_GB/product/cameras/z-30/,251,0,0
1676755319005,11003,Nikon Z-30-1,200,OK,Nion UK run-3 1-5,text,true,,185868,140,20,20,https://www.nikon.co.uk/en_GB/product/cameras/z-30/,10789,0,0
1676755321594,8480,Nikon Z-30,200,OK,Nion UK run-3 1-2,text,true,,186104,280,20,20,https://www.nikon.co.uk/en_GB/product/cameras/z-30/,239,0,0
1676755321594,239,Nikon Z-30-0,301,Moved Permanently,Nion UK run-3 1-2,,true,,253,140,20,20,http://www.nikon.co.uk/en_GB/product/cameras/z-30/,239,0,0
1676755321833,8241,Nikon Z-30-1,200,OK,Nion UK run-3 1-2,text,true,,185851,140,20,20,https://www.nikon.co.uk/en_GB/product/cameras/z-30/,8080,0,0
1676755322220,7974,Nikon Z-30,200,OK,Nion UK run-3 1-11,text,true,,186194,280,20,20,https://www.nikon.co.uk/en_GB/product/cameras/z-30/,254,0,0
1676755322220,254,Nikon Z-30-0,301,Moved Permanently,Nion UK run-3 1-11,,true,,253,140,20,20,http://www.nikon.co.uk/en_GB/product/cameras/z-30/,254,0,0
1676755322474,7720,Nikon Z-30-1,200,OK,Nion UK run-3 1-11,text,true,,185941,140,20,20,https://www.nikon.co.uk/en_GB/product/cameras/z-30/,7137,0,0
1676755329339,884,NikonUKHomepage,200,OK,Nion UK run-3 1-17,text,true,,118930,238,20,20,https://www.nikon.co.uk/en_GB/,238,0,0
1676755329339,238,NikonUKHomepage-0,301,Moved Permanently,Nion UK run-3 1-17,,true,,232,119,20,20,http://www.nikon.co.uk/en_GB/,238,0,0
1676755329577,646,NikonUKHomepage-1,200,OK,Nion UK run-3 1-17,text,true,,118698,119,20,20,https://www.nikon.co.uk/en_GB/,530,0,0
1676755329429,978,NikonUKHomepage,200,OK,Nion UK run-3 1-15,text,true,,118753,238,20,20,https://www.nikon.co.uk/en_GB/,254,0,0
1676755329429,254,NikonUKHomepage-0,301,Moved Permanently,Nion UK run-3 1-15,,true,,232,119,20,20,http://www.nikon.co.uk/en_GB/,254,0,0
1676755329683,724,NikonUKHomepage-1,200,OK,Nion UK run-3 1-15,text,true,,118521,119,20,20,https://www.nikon.co.uk/en_GB/,520,0,0
1676755327537,2872,Nikon Z-30,200,OK,Nion UK run-3 1-9,text,true,,186121,280,20,20,https://www.nikon.co.uk/en_GB/product/cameras/z-30/,236,0,0
1676755327537,236,Nikon Z-30-0,301,Moved Permanently,Nion UK run-3 1-9,,true,,253,140,20,20,http://www.nikon.co.uk/en_GB/product/cameras/z-30/,236,0,0
1676755327774,2635,Nikon Z-30-1,200,OK,Nion UK run-3 1-9,text,true,,185868,140,20,20,https://www.nikon.co.uk/en_GB/product/cameras/z-30/,2412,0,0
1676755321374,9157,Nikon Z-30,200,OK,Nion UK run-3 1-1,text,true,,186167,280,20,20,https://www.nikon.co.uk/en_GB/product/cameras/z-30/,238,0,0
1676755321374,238,Nikon Z-30-0,301,Moved Permanently,Nion UK run-3 1-1,,true,,253,140,20,20,http://www.nikon.co.uk/en_GB/product/cameras/z-30/,238,0,0
1676755321612,8919,Nikon Z-30-1,200,OK,Nion UK run-3 1-1,text,true,,185914,140,20,20,https://www.nikon.co.uk/en_GB/product/cameras/z-30/,8379,0,0
1676755325181,5622,Nikon Z-30,200,OK,Nion UK run-3 1-4,text,true,,186128,280,20,20,https://www.nikon.co.uk/en_GB/product/cameras/z-30/,251,0,0
1676755325181,251,Nikon Z-30-0,301,Moved Permanently,Nion UK run-3 1-4,,true,,253,140,20,20,http://www.nikon.co.uk/en_GB/product/cameras/z-30/,251,0,0
1676755325432,5371,Nikon Z-30-1,200,OK,Nion UK run-3 1-4,text,true,,185875,140,20,20,https://www.nikon.co.uk/en_GB/product/cameras/z-30/,5070,0,0
1676755325103,5734,Nikon Z-30,200,OK,Nion UK run-3 1-19,text,true,,186072,280,20,20,https://www.nikon.co.uk/en_GB/product/cameras/z-30/,239,0,0
1676755325103,239,Nikon Z-30-0,301,Moved Permanently,Nion UK run-3 1-19,,true,,253,140,20,20,http://www.nikon.co.uk/en_GB/product/cameras/z-30/,239,0,0
1676755325342,5495,Nikon Z-30-1,200,OK,Nion UK run-3 1-19,text,true,,185819,140,20,20,https://www.nikon.co.uk/en_GB/product/cameras/z-30/,5262,0,0
1676755330008,830,NikonUKHomepage,200,OK,Nion UK run-3 1-5,text,true,,118869,238,20,20,https://www.nikon.co.uk/en_GB/,253,0,0
1676755330008,253,NikonUKHomepage-0,301,Moved Permanently,Nion UK run-3 1-5,,true,,232,119,20,20,http://www.nikon.co.uk/en_GB/,253,0,0
1676755330262,576,NikonUKHomepage-1,200,OK,Nion UK run-3 1-5,text,true,,118637,119,20,20,https://www.nikon.co.uk/en_GB/,536,0,0
1676755328481,2501,Nikon Z-30,200,OK,Nion UK run-3 1-14,text,true,,186045,280,20,20,https://www.nikon.co.uk/en_GB/product/cameras/z-30/,257,0,0
1676755328481,257,Nikon Z-30-0,301,Moved Permanently,Nion UK run-3 1-14,,true,,253,140,20,20,http://www.nikon.co.uk/en_GB/product/cameras/z-30/,257,0,0
1676755328739,2243,Nikon Z-30-1,200,OK,Nion UK run-3 1-14,text,true,,185792,140,20,20,https://www.nikon.co.uk/en_GB/product/cameras/z-30/,2200,0,0
1676755328588,2645,Nikon Z-30,200,OK,Nion UK run-3 1-8,text,true,,186136,280,20,20,https://www.nikon.co.uk/en_GB/product/cameras/z-30/,235,0,0
1676755328588,235,Nikon Z-30-0,301,Moved Permanently,Nion UK run-3 1-8,,true,,253,140,20,20,http://www.nikon.co.uk/en_GB/product/cameras/z-30/,235,0,0
1676755328823,2410,Nikon Z-30-1,200,OK,Nion UK run-3 1-8,text,true,,185883,140,20,20,https://www.nikon.co.uk/en_GB/product/cameras/z-30/,2223,0,0
1676755327588,3674,Nikon Z-30,200,OK,Nion UK run-3 1-7,text,true,,186240,280,20,20,https://www.nikon.co.uk/en_GB/product/cameras/z-30/,247,0,0
1676755327588,247,Nikon Z-30-0,301,Moved Permanently,Nion UK run-3 1-7,,true,,253,140,20,20,http://www.nikon.co.uk/en_GB/product/cameras/z-30/,247,0,0
1676755327834,3428,Nikon Z-30-1,200,OK,Nion UK run-3 1-7,text,true,,185987,140,20,20,https://www.nikon.co.uk/en_GB/product/cameras/z-30/,3255,0,0
1676755330532,753,NikonUKHomepage,200,OK,Nion UK run-3 1-1,text,true,,118831,238,20,20,https://www.nikon.co.uk/en_GB/,255,0,0
1676755330532,255,NikonUKHomepage-0,301,Moved Permanently,Nion UK run-3 1-1,,true,,232,119,20,20,http://www.nikon.co.uk/en_GB/,255,0,0
1676755330788,497,NikonUKHomepage-1,200,OK,Nion UK run-3 1-1,text,true,,118599,119,20,20,https://www.nikon.co.uk/en_GB/,447,0,0
1676755330195,1184,NikonUKHomepage,200,OK,Nion UK run-3 1-11,text,true,,118899,238,20,20,https://www.nikon.co.uk/en_GB/,244,0,0
1676755330195,244,NikonUKHomepage-0,301,Moved Permanently,Nion UK run-3 1-11,,true,,232,119,20,20,http://www.nikon.co.uk/en_GB/,244,0,0
1676755330439,940,NikonUKHomepage-1,200,OK,Nion UK run-3 1-11,text,true,,118667,119,20,20,https://www.nikon.co.uk/en_GB/,673,0,0
1676755330074,1372,NikonUKHomepage,200,OK,Nion UK run-3 1-2,text,true,,118906,238,20,20,https://www.nikon.co.uk/en_GB/,257,0,0
1676755330074,257,NikonUKHomepage-0,301,Moved Permanently,Nion UK run-3 1-2,,true,,232,119,20,20,http://www.nikon.co.uk/en_GB/,257,0,0
1676755330331,1115,NikonUKHomepage-1,200,OK,Nion UK run-3 1-2,text,true,,118674,119,20,20,https://www.nikon.co.uk/en_GB/,677,0,0
1676755329042,2413,NikonUKHomepage,200,OK,Nion UK run-3 1-16,text,true,,118928,238,20,20,https://www.nikon.co.uk/en_GB/,238,0,0
1676755329042,238,NikonUKHomepage-0,301,Moved Permanently,Nion UK run-3 1-16,,true,,232,119,20,20,http://www.nikon.co.uk/en_GB/,238,0,0
1676755329280,2175,NikonUKHomepage-1,200,OK,Nion UK run-3 1-16,text,true,,118696,119,20,20,https://www.nikon.co.uk/en_GB/,2065,0,0
1676755330803,855,NikonUKHomepage,200,OK,Nion UK run-3 1-4,text,true,,118840,238,20,20,https://www.nikon.co.uk/en_GB/,241,0,0
1676755330803,241,NikonUKHomepage-0,301,Moved Permanently,Nion UK run-3 1-4,,true,,232,119,20,20,http://www.nikon.co.uk/en_GB/,241,0,0
1676755331045,613,NikonUKHomepage-1,200,OK,Nion UK run-3 1-4,text,true,,118608,119,20,20,https://www.nikon.co.uk/en_GB/,546,0,0
1676755328932,2815,Nikon Z-30,200,OK,Nion UK run-3 1-12,text,true,,186135,280,20,20,https://www.nikon.co.uk/en_GB/product/cameras/z-30/,236,0,0
1676755328932,236,Nikon Z-30-0,301,Moved Permanently,Nion UK run-3 1-12,,true,,253,140,20,20,http://www.nikon.co.uk/en_GB/product/cameras/z-30/,236,0,0
1676755329169,2578,Nikon Z-30-1,200,OK,Nion UK run-3 1-12,text,true,,185882,140,20,20,https://www.nikon.co.uk/en_GB/product/cameras/z-30/,2224,0,0
1676755330837,1316,NikonUKHomepage,200,OK,Nion UK run-3 1-19,text,true,,118942,238,20,20,https://www.nikon.co.uk/en_GB/,236,0,0
1676755330837,236,NikonUKHomepage-0,301,Moved Permanently,Nion UK run-3 1-19,,true,,232,119,20,20,http://www.nikon.co.uk/en_GB/,236,0,0
1676755331073,1080,NikonUKHomepage-1,200,OK,Nion UK run-3 1-19,text,true,,118710,119,20,20,https://www.nikon.co.uk/en_GB/,611,0,0
1676755331234,990,NikonUKHomepage,200,OK,Nion UK run-3 1-8,text,true,,118884,238,20,20,https://www.nikon.co.uk/en_GB/,238,0,0
1676755331234,238,NikonUKHomepage-0,301,Moved Permanently,Nion UK run-3 1-8,,true,,232,119,20,20,http://www.nikon.co.uk/en_GB/,238,0,0
1676755331472,752,NikonUKHomepage-1,200,OK,Nion UK run-3 1-8,text,true,,118652,119,20,20,https://www.nikon.co.uk/en_GB/,647,0,0
1676755329811,2487,NikonUKHomepage,200,OK,Nion UK run-3 1-3,text,true,,118909,238,20,20,https://www.nikon.co.uk/en_GB/,259,0,0
1676755329811,259,NikonUKHomepage-0,301,Moved Permanently,Nion UK run-3 1-3,,true,,232,119,20,20,http://www.nikon.co.uk/en_GB/,259,0,0
1676755330071,2227,NikonUKHomepage-1,200,OK,Nion UK run-3 1-3,text,true,,118677,119,20,20,https://www.nikon.co.uk/en_GB/,2142,0,0
1676755331263,1159,NikonUKHomepage,200,OK,Nion UK run-3 1-7,text,true,,118909,238,20,20,https://www.nikon.co.uk/en_GB/,235,0,0
1676755331263,235,NikonUKHomepage-0,301,Moved Permanently,Nion UK run-3 1-7,,true,,232,119,20,20,http://www.nikon.co.uk/en_GB/,235,0,0
1676755331498,924,NikonUKHomepage-1,200,OK,Nion UK run-3 1-7,text,true,,118677,119,20,20,https://www.nikon.co.uk/en_GB/,576,0,0
1676755329387,3120,NikonUKHomepage,200,OK,Nion UK run-3 1-6,text,true,,118894,238,20,20,https://www.nikon.co.uk/en_GB/,253,0,0
1676755329387,253,NikonUKHomepage-0,301,Moved Permanently,Nion UK run-3 1-6,,true,,232,119,20,20,http://www.nikon.co.uk/en_GB/,253,0,0
1676755329641,2866,NikonUKHomepage-1,200,OK,Nion UK run-3 1-6,text,true,,118662,119,20,20,https://www.nikon.co.uk/en_GB/,2759,0,0
1676755329448,3151,NikonUKHomepage,200,OK,Nion UK run-3 1-18,text,true,,118950,238,20,20,https://www.nikon.co.uk/en_GB/,241,0,0
1676755329448,241,NikonUKHomepage-0,301,Moved Permanently,Nion UK run-3 1-18,,true,,232,119,20,20,http://www.nikon.co.uk/en_GB/,241,0,0
1676755329689,2910,NikonUKHomepage-1,200,OK,Nion UK run-3 1-18,text,true,,118718,119,20,20,https://www.nikon.co.uk/en_GB/,2802,0,0
1676755329886,2754,NikonUKHomepage,200,OK,Nion UK run-3 1-20,text,true,,118908,238,20,20,https://www.nikon.co.uk/en_GB/,251,0,0
1676755329886,251,NikonUKHomepage-0,301,Moved Permanently,Nion UK run-3 1-20,,true,,232,119,20,20,http://www.nikon.co.uk/en_GB/,251,0,0
1676755330138,2502,NikonUKHomepage-1,200,OK,Nion UK run-3 1-20,text,true,,118676,119,20,20,https://www.nikon.co.uk/en_GB/,2043,0,0
1676755330408,2907,NikonUKHomepage,200,OK,Nion UK run-3 1-9,text,true,,118866,238,20,20,https://www.nikon.co.uk/en_GB/,251,0,0
1676755330408,251,NikonUKHomepage-0,301,Moved Permanently,Nion UK run-3 1-9,,true,,232,119,20,20,http://www.nikon.co.uk/en_GB/,251,0,0
1676755330659,2656,NikonUKHomepage-1,200,OK,Nion UK run-3 1-9,text,true,,118634,119,20,20,https://www.nikon.co.uk/en_GB/,2617,0,0
1676755328661,4755,Nikon Z-30,200,OK,Nion UK run-3 1-13,text,true,,186174,280,20,20,https://www.nikon.co.uk/en_GB/product/cameras/z-30/,254,0,0
1676755328661,254,Nikon Z-30-0,301,Moved Permanently,Nion UK run-3 1-13,,true,,253,140,20,20,http://www.nikon.co.uk/en_GB/product/cameras/z-30/,254,0,0
1676755328915,4501,Nikon Z-30-1,200,OK,Nion UK run-3 1-13,text,true,,185921,140,20,20,https://www.nikon.co.uk/en_GB/product/cameras/z-30/,4361,0,0
1676755330983,2693,NikonUKHomepage,200,OK,Nion UK run-3 1-14,text,true,,118927,238,20,20,https://www.nikon.co.uk/en_GB/,243,0,0
1676755330983,243,NikonUKHomepage-0,301,Moved Permanently,Nion UK run-3 1-14,,true,,232,119,20,20,http://www.nikon.co.uk/en_GB/,243,0,0
1676755331227,2449,NikonUKHomepage-1,200,OK,Nion UK run-3 1-14,text,true,,118695,119,20,20,https://www.nikon.co.uk/en_GB/,2335,0,0
1676755329416,4762,Nikon Z-30,200,OK,Nion UK run-3 1-10,text,true,,186129,280,20,20,https://www.nikon.co.uk/en_GB/product/cameras/z-30/,242,0,0
1676755329416,242,Nikon Z-30-0,301,Moved Permanently,Nion UK run-3 1-10,,true,,253,140,20,20,http://www.nikon.co.uk/en_GB/product/cameras/z-30/,242,0,0
1676755329658,4520,Nikon Z-30-1,200,OK,Nion UK run-3 1-10,text,true,,185876,140,20,20,https://www.nikon.co.uk/en_GB/product/cameras/z-30/,3923,0,0
1676755330839,3514,Nikon Z-30,200,OK,Nion UK run-3 1-5,text,true,,186120,280,20,20,https://www.nikon.co.uk/en_GB/product/cameras/z-30/,243,0,0
1676755330839,243,Nikon Z-30-0,301,Moved Permanently,Nion UK run-3 1-5,,true,,253,140,20,20,http://www.nikon.co.uk/en_GB/product/cameras/z-30/,243,0,0
1676755331082,3271,Nikon Z-30-1,200,OK,Nion UK run-3 1-5,text,true,,185867,140,20,20,https://www.nikon.co.uk/en_GB/product/cameras/z-30/,2709,0,0
1676755333417,1001,NikonUKHomepage,200,OK,Nion UK run-3 1-13,text,true,,118717,238,20,20,https://www.nikon.co.uk/en_GB/,238,0,0
1676755333417,238,NikonUKHomepage-0,301,Moved Permanently,Nion UK run-3 1-13,,true,,232,119,20,20,http://www.nikon.co.uk/en_GB/,238,0,0
1676755333655,763,NikonUKHomepage-1,200,OK,Nion UK run-3 1-13,text,true,,118485,119,20,20,https://www.nikon.co.uk/en_GB/,611,0,0
1676755331391,3711,Nikon Z-30,200,OK,Nion UK run-3 1-11,text,true,,186084,280,20,20,https://www.nikon.co.uk/en_GB/product/cameras/z-30/,243,0,0
1676755331391,243,Nikon Z-30-0,301,Moved Permanently,Nion UK run-3 1-11,,true,,253,140,20,20,http://www.nikon.co.uk/en_GB/product/cameras/z-30/,243,0,0
1676755331635,3467,Nikon Z-30-1,200,OK,Nion UK run-3 1-11,text,true,,185831,140,20,20,https://www.nikon.co.uk/en_GB/product/cameras/z-30/,3310,0,0
1676755331747,3658,NikonUKHomepage,200,OK,Nion UK run-3 1-12,text,true,,118895,238,20,20,https://www.nikon.co.uk/en_GB/,238,0,0
1676755331747,238,NikonUKHomepage-0,301,Moved Permanently,Nion UK run-3 1-12,,true,,232,119,20,20,http://www.nikon.co.uk/en_GB/,238,0,0
1676755331985,3420,NikonUKHomepage-1,200,OK,Nion UK run-3 1-12,text,true,,118663,119,20,20,https://www.nikon.co.uk/en_GB/,2946,0,0
1676755334355,1143,NikonUKHomepage,200,OK,Nion UK run-3 1-5,text,true,,118984,238,20,20,https://www.nikon.co.uk/en_GB/,235,0,0
1676755334355,235,NikonUKHomepage-0,301,Moved Permanently,Nion UK run-3 1-5,,true,,232,119,20,20,http://www.nikon.co.uk/en_GB/,235,0,0
1676755334590,908,NikonUKHomepage-1,200,OK,Nion UK run-3 1-5,text,true,,118752,119,20,20,https://www.nikon.co.uk/en_GB/,465,0,0
1676755335103,1075,NikonUKHomepage,200,OK,Nion UK run-3 1-11,text,true,,118949,238,20,20,https://www.nikon.co.uk/en_GB/,235,0,0
1676755335103,235,NikonUKHomepage-0,301,Moved Permanently,Nion UK run-3 1-11,,true,,232,119,20,20,http://www.nikon.co.uk/en_GB/,235,0,0
1676755335339,839,NikonUKHomepage-1,200,OK,Nion UK run-3 1-11,text,true,,118717,119,20,20,https://www.nikon.co.uk/en_GB/,397,0,0
1676755331659,5325,Nikon Z-30,200,OK,Nion UK run-3 1-4,text,true,,186128,280,20,20,https://www.nikon.co.uk/en_GB/product/cameras/z-30/,250,0,0
1676755331659,250,Nikon Z-30-0,301,Moved Permanently,Nion UK run-3 1-4,,true,,253,140,20,20,http://www.nikon.co.uk/en_GB/product/cameras/z-30/,250,0,0
1676755331909,5075,Nikon Z-30-1,200,OK,Nion UK run-3 1-4,text,true,,185875,140,20,20,https://www.nikon.co.uk/en_GB/product/cameras/z-30/,4856,0,0
1676755332154,4915,Nikon Z-30,200,OK,Nion UK run-3 1-19,text,true,,186162,280,20,20,https://www.nikon.co.uk/en_GB/product/cameras/z-30/,240,0,0
1676755332154,240,Nikon Z-30-0,301,Moved Permanently,Nion UK run-3 1-19,,true,,253,140,20,20,http://www.nikon.co.uk/en_GB/product/cameras/z-30/,240,0,0
1676755332394,4675,Nikon Z-30-1,200,OK,Nion UK run-3 1-19,text,true,,185909,140,20,20,https://www.nikon.co.uk/en_GB/product/cameras/z-30/,4546,0,0
1676755332299,4772,Nikon Z-30,200,OK,Nion UK run-3 1-3,text,true,,186117,280,20,20,https://www.nikon.co.uk/en_GB/product/cameras/z-30/,250,0,0
1676755332299,250,Nikon Z-30-0,301,Moved Permanently,Nion UK run-3 1-3,,true,,253,140,20,20,http://www.nikon.co.uk/en_GB/product/cameras/z-30/,250,0,0
1676755332549,4522,Nikon Z-30-1,200,OK,Nion UK run-3 1-3,text,true,,185864,140,20,20,https://www.nikon.co.uk/en_GB/product/cameras/z-30/,4385,0,0
1676755332422,8961,Nikon Z-30,200,OK,Nion UK run-3 1-7,text,true,,186170,280,20,20,https://www.nikon.co.uk/en_GB/product/cameras/z-30/,236,0,0
1676755332422,236,Nikon Z-30-0,301,Moved Permanently,Nion UK run-3 1-7,,true,,253,140,20,20,http://www.nikon.co.uk/en_GB/product/cameras/z-30/,236,0,0
1676755332658,8725,Nikon Z-30-1,200,OK,Nion UK run-3 1-7,text,true,,185917,140,20,20,https://www.nikon.co.uk/en_GB/product/cameras/z-30/,8611,0,0
1676755332225,9197,Nikon Z-30,200,OK,Nion UK run-3 1-8,text,true,,186120,280,20,20,https://www.nikon.co.uk/en_GB/product/cameras/z-30/,237,0,0
1676755332225,237,Nikon Z-30-0,301,Moved Permanently,Nion UK run-3 1-8,,true,,253,140,20,20,http://www.nikon.co.uk/en_GB/product/cameras/z-30/,237,0,0
1676755332462,8960,Nikon Z-30-1,200,OK,Nion UK run-3 1-8,text,true,,185867,140,20,20,https://www.nikon.co.uk/en_GB/product/cameras/z-30/,8788,0,0
1676755333677,7849,Nikon Z-30,200,OK,Nion UK run-3 1-14,text,true,,186142,280,20,20,https://www.nikon.co.uk/en_GB/product/cameras/z-30/,222,0,0
1676755333677,222,Nikon Z-30-0,301,Moved Permanently,Nion UK run-3 1-14,,true,,253,140,20,20,http://www.nikon.co.uk/en_GB/product/cameras/z-30/,222,0,0
1676755333899,7627,Nikon Z-30-1,200,OK,Nion UK run-3 1-14,text,true,,185889,140,20,20,https://www.nikon.co.uk/en_GB/product/cameras/z-30/,7464,0,0
1676755337070,4567,NikonUKHomepage,200,OK,Nion UK run-3 1-19,text,true,,118689,238,20,20,https://www.nikon.co.uk/en_GB/,253,0,0
1676755337070,253,NikonUKHomepage-0,301,Moved Permanently,Nion UK run-3 1-19,,true,,232,119,20,20,http://www.nikon.co.uk/en_GB/,253,0,0
1676755337324,4313,NikonUKHomepage-1,200,OK,Nion UK run-3 1-19,text,true,,118457,119,20,20,https://www.nikon.co.uk/en_GB/,4291,0,0
1676755332599,9126,Nikon Z-30,200,OK,Nion UK run-3 1-18,text,true,,186141,280,20,20,https://www.nikon.co.uk/en_GB/product/cameras/z-30/,237,0,0
1676755332599,237,Nikon Z-30-0,301,Moved Permanently,Nion UK run-3 1-18,,true,,253,140,20,20,http://www.nikon.co.uk/en_GB/product/cameras/z-30/,237,0,0
1676755332838,8887,Nikon Z-30-1,200,OK,Nion UK run-3 1-18,text,true,,185888,140,20,20,https://www.nikon.co.uk/en_GB/product/cameras/z-30/,8804,0,0
1676755332641,9257,Nikon Z-30,200,OK,Nion UK run-3 1-20,text,true,,186121,280,20,20,https://www.nikon.co.uk/en_GB/product/cameras/z-30/,246,0,0
1676755332641,246,Nikon Z-30-0,301,Moved Permanently,Nion UK run-3 1-20,,true,,253,140,20,20,http://www.nikon.co.uk/en_GB/product/cameras/z-30/,246,0,0
1676755332888,9010,Nikon Z-30-1,200,OK,Nion UK run-3 1-20,text,true,,185868,140,20,20,https://www.nikon.co.uk/en_GB/product/cameras/z-30/,8826,0,0
1676755336985,5269,NikonUKHomepage,200,OK,Nion UK run-3 1-4,text,true,,118888,238,20,20,https://www.nikon.co.uk/en_GB/,239,0,0
1676755336985,239,NikonUKHomepage-0,301,Moved Permanently,Nion UK run-3 1-4,,true,,232,119,20,20,http://www.nikon.co.uk/en_GB/,239,0,0
1676755337224,5030,NikonUKHomepage-1,200,OK,Nion UK run-3 1-4,text,true,,118656,119,20,20,https://www.nikon.co.uk/en_GB/,4956,0,0
1676755337072,5199,NikonUKHomepage,200,OK,Nion UK run-3 1-3,text,true,,118894,238,20,20,https://www.nikon.co.uk/en_GB/,237,0,0
1676755337072,237,NikonUKHomepage-0,301,Moved Permanently,Nion UK run-3 1-3,,true,,232,119,20,20,http://www.nikon.co.uk/en_GB/,237,0,0
1676755337310,4961,NikonUKHomepage-1,200,OK,Nion UK run-3 1-3,text,true,,118662,119,20,20,https://www.nikon.co.uk/en_GB/,4848,0,0
1676755333317,9071,Nikon Z-30,200,OK,Nion UK run-3 1-9,text,true,,186121,280,20,20,https://www.nikon.co.uk/en_GB/product/cameras/z-30/,240,0,0
1676755333317,240,Nikon Z-30-0,301,Moved Permanently,Nion UK run-3 1-9,,true,,253,140,20,20,http://www.nikon.co.uk/en_GB/product/cameras/z-30/,240,0,0
1676755333558,8830,Nikon Z-30-1,200,OK,Nion UK run-3 1-9,text,true,,185868,140,20,20,https://www.nikon.co.uk/en_GB/product/cameras/z-30/,8249,0,0
1676755334419,8286,Nikon Z-30,200,OK,Nion UK run-3 1-13,text,true,,186094,280,20,20,https://www.nikon.co.uk/en_GB/product/cameras/z-30/,256,0,0
1676755334419,256,Nikon Z-30-0,301,Moved Permanently,Nion UK run-3 1-13,,true,,253,140,20,20,http://www.nikon.co.uk/en_GB/product/cameras/z-30/,256,0,0
1676755334675,8030,Nikon Z-30-1,200,OK,Nion UK run-3 1-13,text,true,,185841,140,20,20,https://www.nikon.co.uk/en_GB/product/cameras/z-30/,7903,0,0
1676755341534,1251,NikonUKHomepage,200,OK,Nion UK run-3 1-14,text,true,,118839,238,19,19,https://www.nikon.co.uk/en_GB/,236,0,0
1676755341534,236,NikonUKHomepage-0,301,Moved Permanently,Nion UK run-3 1-14,,true,,232,119,19,19,http://www.nikon.co.uk/en_GB/,236,0,0
1676755341770,1015,NikonUKHomepage-1,200,OK,Nion UK run-3 1-14,text,true,,118607,119,19,19,https://www.nikon.co.uk/en_GB/,904,0,0
1676755341897,994,NikonUKHomepage,200,OK,Nion UK run-3 1-20,text,true,,118873,238,19,19,https://www.nikon.co.uk/en_GB/,252,0,0
1676755341897,252,NikonUKHomepage-0,301,Moved Permanently,Nion UK run-3 1-20,,true,,232,119,19,19,http://www.nikon.co.uk/en_GB/,252,0,0
1676755342149,742,NikonUKHomepage-1,200,OK,Nion UK run-3 1-20,text,true,,118641,119,19,19,https://www.nikon.co.uk/en_GB/,643,0,0
1676755342387,812,NikonUKHomepage,200,OK,Nion UK run-3 1-9,text,true,,118895,238,19,19,https://www.nikon.co.uk/en_GB/,260,0,0
1676755342387,260,NikonUKHomepage-0,301,Moved Permanently,Nion UK run-3 1-9,,true,,232,119,19,19,http://www.nikon.co.uk/en_GB/,260,0,0
1676755342647,552,NikonUKHomepage-1,200,OK,Nion UK run-3 1-9,text,true,,118663,119,19,19,https://www.nikon.co.uk/en_GB/,435,0,0
1676755330223,13980,Nikon Z-30,200,OK,Nion UK run-3 1-17,text,true,,186212,280,19,19,https://www.nikon.co.uk/en_GB/product/cameras/z-30/,241,0,0
1676755330223,241,Nikon Z-30-0,301,Moved Permanently,Nion UK run-3 1-17,,true,,253,140,19,19,http://www.nikon.co.uk/en_GB/product/cameras/z-30/,241,0,0
1676755330464,13739,Nikon Z-30-1,200,OK,Nion UK run-3 1-17,text,true,,185959,140,19,19,https://www.nikon.co.uk/en_GB/product/cameras/z-30/,12485,0,0
1676755331286,12925,Nikon Z-30,200,OK,Nion UK run-3 1-1,text,true,,186245,280,19,19,https://www.nikon.co.uk/en_GB/product/cameras/z-30/,245,0,0
1676755331286,245,Nikon Z-30-0,301,Moved Permanently,Nion UK run-3 1-1,,true,,253,140,19,19,http://www.nikon.co.uk/en_GB/product/cameras/z-30/,245,0,0
1676755331532,12679,Nikon Z-30-1,200,OK,Nion UK run-3 1-1,text,true,,185992,140,19,19,https://www.nikon.co.uk/en_GB/product/cameras/z-30/,12426,0,0
1676755331455,12771,Nikon Z-30,200,OK,Nion UK run-3 1-16,text,true,,186108,280,19,19,https://www.nikon.co.uk/en_GB/product/cameras/z-30/,239,0,0
1676755331455,239,Nikon Z-30-0,301,Moved Permanently,Nion UK run-3 1-16,,true,,253,140,19,19,http://www.nikon.co.uk/en_GB/product/cameras/z-30/,239,0,0
1676755331694,12532,Nikon Z-30-1,200,OK,Nion UK run-3 1-16,text,true,,185855,140,19,19,https://www.nikon.co.uk/en_GB/product/cameras/z-30/,12308,0,0
1676755334179,10270,NikonUKHomepage,200,OK,Nion UK run-3 1-10,text,true,,118906,238,19,19,https://www.nikon.co.uk/en_GB/,254,0,0
1676755334179,254,NikonUKHomepage-0,301,Moved Permanently,Nion UK run-3 1-10,,true,,232,119,19,19,http://www.nikon.co.uk/en_GB/,254,0,0
1676755334433,10016,NikonUKHomepage-1,200,OK,Nion UK run-3 1-10,text,true,,118674,119,19,19,https://www.nikon.co.uk/en_GB/,9543,0,0
1676755341636,3398,Nikon Z-30,200,OK,Nion UK run-3 1-19,text,true,,186129,280,19,19,https://www.nikon.co.uk/en_GB/product/cameras/z-30/,239,0,0
1676755341636,239,Nikon Z-30-0,301,Moved Permanently,Nion UK run-3 1-19,,true,,253,140,19,19,http://www.nikon.co.uk/en_GB/product/cameras/z-30/,239,0,0
1676755341875,3159,Nikon Z-30-1,200,OK,Nion UK run-3 1-19,text,true,,185876,140,19,19,https://www.nikon.co.uk/en_GB/product/cameras/z-30/,2908,0,0
1676755344204,914,NikonUKHomepage,200,OK,Nion UK run-3 1-17,text,true,,118848,238,19,19,https://www.nikon.co.uk/en_GB/,254,0,0
1676755344204,254,NikonUKHomepage-0,301,Moved Permanently,Nion UK run-3 1-17,,true,,232,119,19,19,http://www.nikon.co.uk/en_GB/,254,0,0
1676755344458,660,NikonUKHomepage-1,200,OK,Nion UK run-3 1-17,text,true,,118616,119,19,19,https://www.nikon.co.uk/en_GB/,577,0,0
1676755341724,3407,NikonUKHomepage,200,OK,Nion UK run-3 1-18,text,true,,118896,238,19,19,https://www.nikon.co.uk/en_GB/,252,0,0
1676755341724,252,NikonUKHomepage-0,301,Moved Permanently,Nion UK run-3 1-18,,true,,232,119,19,19,http://www.nikon.co.uk/en_GB/,252,0,0
1676755341976,3155,NikonUKHomepage-1,200,OK,Nion UK run-3 1-18,text,true,,118664,119,19,19,https://www.nikon.co.uk/en_GB/,2982,0,0
1676755341383,3797,NikonUKHomepage,200,OK,Nion UK run-3 1-7,text,true,,118908,238,19,19,https://www.nikon.co.uk/en_GB/,253,0,0
1676755341383,253,NikonUKHomepage-0,301,Moved Permanently,Nion UK run-3 1-7,,true,,232,119,19,19,http://www.nikon.co.uk/en_GB/,253,0,0
1676755341636,3544,NikonUKHomepage-1,200,OK,Nion UK run-3 1-7,text,true,,118676,119,19,19,https://www.nikon.co.uk/en_GB/,3395,0,0
1676755344212,1042,NikonUKHomepage,200,OK,Nion UK run-3 1-1,text,true,,118948,238,19,19,https://www.nikon.co.uk/en_GB/,235,0,0
1676755344212,235,NikonUKHomepage-0,301,Moved Permanently,Nion UK run-3 1-1,,true,,232,119,19,19,http://www.nikon.co.uk/en_GB/,235,0,0
1676755344448,806,NikonUKHomepage-1,200,OK,Nion UK run-3 1-1,text,true,,118716,119,19,19,https://www.nikon.co.uk/en_GB/,543,0,0
1676755343200,2769,Nikon Z-30,200,OK,Nion UK run-3 1-9,text,true,,186202,280,19,19,https://www.nikon.co.uk/en_GB/product/cameras/z-30/,224,0,0
1676755343200,224,Nikon Z-30-0,301,Moved Permanently,Nion UK run-3 1-9,,true,,253,140,19,19,http://www.nikon.co.uk/en_GB/product/cameras/z-30/,224,0,0
1676755343424,2545,Nikon Z-30-1,200,OK,Nion UK run-3 1-9,text,true,,185949,140,19,19,https://www.nikon.co.uk/en_GB/product/cameras/z-30/,2477,0,0
1676755341423,4653,NikonUKHomepage,200,OK,Nion UK run-3 1-8,text,true,,118706,238,19,19,https://www.nikon.co.uk/en_GB/,242,0,0
1676755341423,242,NikonUKHomepage-0,301,Moved Permanently,Nion UK run-3 1-8,,true,,232,119,19,19,http://www.nikon.co.uk/en_GB/,242,0,0
1676755341666,4410,NikonUKHomepage-1,200,OK,Nion UK run-3 1-8,text,true,,118474,119,19,19,https://www.nikon.co.uk/en_GB/,3791,0,0
1676755342786,3644,Nikon Z-30,200,OK,Nion UK run-3 1-14,text,true,,186210,280,19,19,https://www.nikon.co.uk/en_GB/product/cameras/z-30/,257,0,0
1676755342786,257,Nikon Z-30-0,301,Moved Permanently,Nion UK run-3 1-14,,true,,253,140,19,19,http://www.nikon.co.uk/en_GB/product/cameras/z-30/,257,0,0
1676755343044,3386,Nikon Z-30-1,200,OK,Nion UK run-3 1-14,text,true,,185957,140,19,19,https://www.nikon.co.uk/en_GB/product/cameras/z-30/,2830,0,0
1676755344227,2915,NikonUKHomepage,200,OK,Nion UK run-3 1-16,text,true,,118913,238,18,18,https://www.nikon.co.uk/en_GB/,253,0,0
1676755344227,253,NikonUKHomepage-0,301,Moved Permanently,Nion UK run-3 1-16,,true,,232,119,18,18,http://www.nikon.co.uk/en_GB/,253,0,0
1676755344481,2661,NikonUKHomepage-1,200,OK,Nion UK run-3 1-16,text,true,,118681,119,18,18,https://www.nikon.co.uk/en_GB/,2620,0,0
1676755330408,16790,Nikon Z-30,200,OK,Nion UK run-3 1-15,text,true,,186235,280,18,18,https://www.nikon.co.uk/en_GB/product/cameras/z-30/,251,0,0
1676755330408,251,Nikon Z-30-0,301,Moved Permanently,Nion UK run-3 1-15,,true,,253,140,18,18,http://www.nikon.co.uk/en_GB/product/cameras/z-30/,251,0,0
1676755330659,16539,Nikon Z-30-1,200,OK,Nion UK run-3 1-15,text,true,,185982,140,18,18,https://www.nikon.co.uk/en_GB/product/cameras/z-30/,16190,0,0
1676755345119,2539,Nikon Z-30,200,OK,Nion UK run-3 1-17,text,true,,186112,280,18,18,https://www.nikon.co.uk/en_GB/product/cameras/z-30/,237,0,0
1676755345119,238,Nikon Z-30-0,301,Moved Permanently,Nion UK run-3 1-17,,true,,253,140,18,18,http://www.nikon.co.uk/en_GB/product/cameras/z-30/,237,0,0
1676755345357,2301,Nikon Z-30-1,200,OK,Nion UK run-3 1-17,text,true,,185859,140,18,18,https://www.nikon.co.uk/en_GB/product/cameras/z-30/,2156,0,0
1676755345255,2607,Nikon Z-30,200,OK,Nion UK run-3 1-1,text,true,,186113,280,18,18,https://www.nikon.co.uk/en_GB/product/cameras/z-30/,221,0,0
1676755345255,221,Nikon Z-30-0,301,Moved Permanently,Nion UK run-3 1-1,,true,,253,140,18,18,http://www.nikon.co.uk/en_GB/product/cameras/z-30/,221,0,0
1676755345476,2386,Nikon Z-30-1,200,OK,Nion UK run-3 1-1,text,true,,185860,140,18,18,https://www.nikon.co.uk/en_GB/product/cameras/z-30/,2309,0,0
1676755345035,3320,NikonUKHomepage,200,OK,Nion UK run-3 1-19,text,true,,118941,238,18,18,https://www.nikon.co.uk/en_GB/,252,0,0
1676755345035,252,NikonUKHomepage-0,301,Moved Permanently,Nion UK run-3 1-19,,true,,232,119,18,18,http://www.nikon.co.uk/en_GB/,252,0,0
1676755345287,3068,NikonUKHomepage-1,200,OK,Nion UK run-3 1-19,text,true,,118709,119,18,18,https://www.nikon.co.uk/en_GB/,2620,0,0
1676755345969,2441,NikonUKHomepage,200,OK,Nion UK run-3 1-9,text,true,,118935,238,18,18,https://www.nikon.co.uk/en_GB/,257,0,0
1676755345969,257,NikonUKHomepage-0,301,Moved Permanently,Nion UK run-3 1-9,,true,,232,119,18,18,http://www.nikon.co.uk/en_GB/,257,0,0
1676755346226,2184,NikonUKHomepage-1,200,OK,Nion UK run-3 1-9,text,true,,118703,119,18,18,https://www.nikon.co.uk/en_GB/,2145,0,0
1676755335407,13247,Nikon Z-30,200,OK,Nion UK run-3 1-12,text,true,,186144,280,18,18,https://www.nikon.co.uk/en_GB/product/cameras/z-30/,238,0,0
1676755335407,238,Nikon Z-30-0,301,Moved Permanently,Nion UK run-3 1-12,,true,,253,140,18,18,http://www.nikon.co.uk/en_GB/product/cameras/z-30/,238,0,0
1676755335645,13009,Nikon Z-30-1,200,OK,Nion UK run-3 1-12,text,true,,185891,140,18,18,https://www.nikon.co.uk/en_GB/product/cameras/z-30/,12936,0,0
1676755331447,17235,Nikon Z-30,200,OK,Nion UK run-3 1-2,text,true,,186111,280,18,18,https://www.nikon.co.uk/en_GB/product/cameras/z-30/,254,0,0
1676755331447,254,Nikon Z-30-0,301,Moved Permanently,Nion UK run-3 1-2,,true,,253,140,18,18,http://www.nikon.co.uk/en_GB/product/cameras/z-30/,254,0,0
1676755331701,16981,Nikon Z-30-1,200,OK,Nion UK run-3 1-2,text,true,,185858,140,18,18,https://www.nikon.co.uk/en_GB/product/cameras/z-30/,16923,0,0
1676755347199,1525,NikonUKHomepage,200,OK,Nion UK run-3 1-15,text,true,,118943,238,18,18,https://www.nikon.co.uk/en_GB/,220,0,0
1676755347199,220,NikonUKHomepage-0,301,Moved Permanently,Nion UK run-3 1-15,,true,,232,119,18,18,http://www.nikon.co.uk/en_GB/,220,0,0
1676755347419,1305,NikonUKHomepage-1,200,OK,Nion UK run-3 1-15,text,true,,118711,119,18,18,https://www.nikon.co.uk/en_GB/,1155,0,0
1676755347658,1158,NikonUKHomepage,200,OK,Nion UK run-3 1-17,text,true,,118887,238,18,18,https://www.nikon.co.uk/en_GB/,252,0,0
1676755347658,252,NikonUKHomepage-0,301,Moved Permanently,Nion UK run-3 1-17,,true,,232,119,18,18,http://www.nikon.co.uk/en_GB/,252,0,0
1676755347910,906,NikonUKHomepage-1,200,OK,Nion UK run-3 1-17,text,true,,118655,119,18,18,https://www.nikon.co.uk/en_GB/,868,0,0
1676755346077,2757,Nikon Z-30,200,OK,Nion UK run-3 1-8,text,true,,186095,280,18,18,https://www.nikon.co.uk/en_GB/product/cameras/z-30/,250,0,0
1676755346077,250,Nikon Z-30-0,301,Moved Permanently,Nion UK run-3 1-8,,true,,253,140,18,18,http://www.nikon.co.uk/en_GB/product/cameras/z-30/,250,0,0
1676755346327,2507,Nikon Z-30-1,200,OK,Nion UK run-3 1-8,text,true,,185842,140,18,18,https://www.nikon.co.uk/en_GB/product/cameras/z-30/,2321,0,0
1676755347862,1186,NikonUKHomepage,200,OK,Nion UK run-3 1-1,text,true,,118908,238,17,17,https://www.nikon.co.uk/en_GB/,249,0,0
1676755347862,249,NikonUKHomepage-0,301,Moved Permanently,Nion UK run-3 1-1,,true,,232,119,17,17,http://www.nikon.co.uk/en_GB/,249,0,0
1676755348111,937,NikonUKHomepage-1,200,OK,Nion UK run-3 1-1,text,true,,118676,119,17,17,https://www.nikon.co.uk/en_GB/,470,0,0
1676755332507,16659,Nikon Z-30,200,OK,Nion UK run-3 1-6,text,true,,186071,280,17,17,https://www.nikon.co.uk/en_GB/product/cameras/z-30/,221,0,0
1676755332507,221,Nikon Z-30-0,301,Moved Permanently,Nion UK run-3 1-6,,true,,253,140,17,17,http://www.nikon.co.uk/en_GB/product/cameras/z-30/,221,0,0
1676755332728,16438,Nikon Z-30-1,200,OK,Nion UK run-3 1-6,text,true,,185818,140,17,17,https://www.nikon.co.uk/en_GB/product/cameras/z-30/,16395,0,0
1676755348653,710,NikonUKHomepage,200,OK,Nion UK run-3 1-12,text,true,,118866,238,17,17,https://www.nikon.co.uk/en_GB/,252,0,0
1676755348653,252,NikonUKHomepage-0,301,Moved Permanently,Nion UK run-3 1-12,,true,,232,119,17,17,http://www.nikon.co.uk/en_GB/,252,0,0
1676755348905,458,NikonUKHomepage-1,200,OK,Nion UK run-3 1-12,text,true,,118634,119,17,17,https://www.nikon.co.uk/en_GB/,407,0,0
1676755336178,13301,Nikon Z-30,200,OK,Nion UK run-3 1-11,text,true,,185792,280,17,17,https://www.nikon.co.uk/en_GB/product/cameras/z-30/,222,0,0
1676755336178,222,Nikon Z-30-0,301,Moved Permanently,Nion UK run-3 1-11,,true,,253,140,17,17,http://www.nikon.co.uk/en_GB/product/cameras/z-30/,222,0,0
1676755336400,13079,Nikon Z-30-1,200,OK,Nion UK run-3 1-11,text,true,,185539,140,17,17,https://www.nikon.co.uk/en_GB/product/cameras/z-30/,12450,0,0
1676755342254,7630,Nikon Z-30,200,OK,Nion UK run-3 1-4,text,true,,186160,280,17,17,https://www.nikon.co.uk/en_GB/product/cameras/z-30/,257,0,0
1676755342254,257,Nikon Z-30-0,301,Moved Permanently,Nion UK run-3 1-4,,true,,253,140,17,17,http://www.nikon.co.uk/en_GB/product/cameras/z-30/,257,0,0
1676755342511,7373,Nikon Z-30-1,200,OK,Nion UK run-3 1-4,text,true,,185907,140,17,17,https://www.nikon.co.uk/en_GB/product/cameras/z-30/,7253,0,0
1676755342891,7042,Nikon Z-30,200,OK,Nion UK run-3 1-20,text,true,,186110,280,16,16,https://www.nikon.co.uk/en_GB/product/cameras/z-30/,245,0,0
1676755342891,245,Nikon Z-30-0,301,Moved Permanently,Nion UK run-3 1-20,,true,,253,140,16,16,http://www.nikon.co.uk/en_GB/product/cameras/z-30/,245,0,0
1676755343136,6797,Nikon Z-30-1,200,OK,Nion UK run-3 1-20,text,true,,185857,140,16,16,https://www.nikon.co.uk/en_GB/product/cameras/z-30/,6657,0,0
1676755349177,787,NikonUKHomepage,200,OK,Nion UK run-3 1-6,text,true,,118854,238,16,16,https://www.nikon.co.uk/en_GB/,239,0,0
1676755349177,239,NikonUKHomepage-0,301,Moved Permanently,Nion UK run-3 1-6,,true,,232,119,16,16,http://www.nikon.co.uk/en_GB/,239,0,0
1676755349416,548,NikonUKHomepage-1,200,OK,Nion UK run-3 1-6,text,true,,118622,119,16,16,https://www.nikon.co.uk/en_GB/,442,0,0
1676755342270,7714,Nikon Z-30,200,OK,Nion UK run-3 1-3,text,true,,186109,280,16,16,https://www.nikon.co.uk/en_GB/product/cameras/z-30/,219,0,0
1676755342270,219,Nikon Z-30-0,301,Moved Permanently,Nion UK run-3 1-3,,true,,253,140,16,16,http://www.nikon.co.uk/en_GB/product/cameras/z-30/,219,0,0
1676755342489,7495,Nikon Z-30-1,200,OK,Nion UK run-3 1-3,text,true,,185856,140,16,16,https://www.nikon.co.uk/en_GB/product/cameras/z-30/,7246,0,0
1676755345180,4828,Nikon Z-30,200,OK,Nion UK run-3 1-7,text,true,,185920,280,16,16,https://www.nikon.co.uk/en_GB/product/cameras/z-30/,239,0,0
1676755345180,239,Nikon Z-30-0,301,Moved Permanently,Nion UK run-3 1-7,,true,,253,140,16,16,http://www.nikon.co.uk/en_GB/product/cameras/z-30/,239,0,0
1676755345419,4589,Nikon Z-30-1,200,OK,Nion UK run-3 1-7,text,true,,185667,140,16,16,https://www.nikon.co.uk/en_GB/product/cameras/z-30/,4379,0,0
1676755347142,2935,Nikon Z-30,200,OK,Nion UK run-3 1-16,text,true,,185834,280,16,16,https://www.nikon.co.uk/en_GB/product/cameras/z-30/,242,0,0
1676755347142,242,Nikon Z-30-0,301,Moved Permanently,Nion UK run-3 1-16,,true,,253,140,16,16,http://www.nikon.co.uk/en_GB/product/cameras/z-30/,242,0,0
1676755347384,2693,Nikon Z-30-1,200,OK,Nion UK run-3 1-16,text,true,,185581,140,16,16,https://www.nikon.co.uk/en_GB/product/cameras/z-30/,2477,0,0
1676755344448,5633,Nikon Z-30,200,OK,Nion UK run-3 1-10,text,true,,186112,280,16,16,https://www.nikon.co.uk/en_GB/product/cameras/z-30/,251,0,0
1676755344448,251,Nikon Z-30-0,301,Moved Permanently,Nion UK run-3 1-10,,true,,253,140,16,16,http://www.nikon.co.uk/en_GB/product/cameras/z-30/,251,0,0
1676755344699,5382,Nikon Z-30-1,200,OK,Nion UK run-3 1-10,text,true,,185859,140,16,16,https://www.nikon.co.uk/en_GB/product/cameras/z-30/,5205,0,0
1676755335498,14677,Nikon Z-30,200,OK,Nion UK run-3 1-5,text,true,,185811,280,16,16,https://www.nikon.co.uk/en_GB/product/cameras/z-30/,218,0,0
1676755335498,218,Nikon Z-30-0,301,Moved Permanently,Nion UK run-3 1-5,,true,,253,140,16,16,http://www.nikon.co.uk/en_GB/product/cameras/z-30/,218,0,0
1676755335716,14459,Nikon Z-30-1,200,OK,Nion UK run-3 1-5,text,true,,185558,140,16,16,https://www.nikon.co.uk/en_GB/product/cameras/z-30/,14246,0,0
1676755349479,718,NikonUKHomepage,200,OK,Nion UK run-3 1-11,text,true,,118901,238,16,16,https://www.nikon.co.uk/en_GB/,237,0,0
1676755349479,237,NikonUKHomepage-0,301,Moved Permanently,Nion UK run-3 1-11,,true,,232,119,16,16,http://www.nikon.co.uk/en_GB/,237,0,0
1676755349716,481,NikonUKHomepage-1,200,OK,Nion UK run-3 1-11,text,true,,118669,119,16,16,https://www.nikon.co.uk/en_GB/,438,0,0
1676755348683,1790,NikonUKHomepage,200,OK,Nion UK run-3 1-2,text,true,,118667,238,16,16,https://www.nikon.co.uk/en_GB/,255,0,0
1676755348683,255,NikonUKHomepage-0,301,Moved Permanently,Nion UK run-3 1-2,,true,,232,119,16,16,http://www.nikon.co.uk/en_GB/,255,0,0
1676755348938,1535,NikonUKHomepage-1,200,OK,Nion UK run-3 1-2,text,true,,118435,119,16,16,https://www.nikon.co.uk/en_GB/,1514,0,0
1676755345131,5408,Nikon Z-30,200,OK,Nion UK run-3 1-18,text,true,,185850,280,16,16,https://www.nikon.co.uk/en_GB/product/cameras/z-30/,250,0,0
1676755345131,250,Nikon Z-30-0,301,Moved Permanently,Nion UK run-3 1-18,,true,,253,140,16,16,http://www.nikon.co.uk/en_GB/product/cameras/z-30/,250,0,0
1676755345381,5158,Nikon Z-30-1,200,OK,Nion UK run-3 1-18,text,true,,185597,140,16,16,https://www.nikon.co.uk/en_GB/product/cameras/z-30/,4933,0,0
1676755349933,840,NikonUKHomepage,200,OK,Nion UK run-3 1-20,text,true,,118942,238,16,16,https://www.nikon.co.uk/en_GB/,242,0,0
1676755349933,242,NikonUKHomepage-0,301,Moved Permanently,Nion UK run-3 1-20,,true,,232,119,16,16,http://www.nikon.co.uk/en_GB/,242,0,0
1676755350175,598,NikonUKHomepage-1,200,OK,Nion UK run-3 1-20,text,true,,118710,119,16,16,https://www.nikon.co.uk/en_GB/,507,0,0
1676755350174,772,NikonUKHomepage,200,OK,Nion UK run-3 1-5,text,true,,118918,238,16,16,https://www.nikon.co.uk/en_GB/,238,0,0
1676755350174,238,NikonUKHomepage-0,301,Moved Permanently,Nion UK run-3 1-5,,true,,232,119,16,16,http://www.nikon.co.uk/en_GB/,238,0,0
1676755350412,534,NikonUKHomepage-1,200,OK,Nion UK run-3 1-5,text,true,,118686,119,16,16,https://www.nikon.co.uk/en_GB/,406,0,0
1676755348356,2633,Nikon Z-30,200,OK,Nion UK run-3 1-19,text,true,,186105,280,16,16,https://www.nikon.co.uk/en_GB/product/cameras/z-30/,241,0,0
1676755348356,241,Nikon Z-30-0,301,Moved Permanently,Nion UK run-3 1-19,,true,,253,140,16,16,http://www.nikon.co.uk/en_GB/product/cameras/z-30/,241,0,0
1676755348597,2392,Nikon Z-30-1,200,OK,Nion UK run-3 1-19,text,true,,185852,140,16,16,https://www.nikon.co.uk/en_GB/product/cameras/z-30/,2237,0,0
1676755350539,738,NikonUKHomepage,200,OK,Nion UK run-3 1-18,text,true,,118807,238,15,15,https://www.nikon.co.uk/en_GB/,241,0,0
1676755350539,241,NikonUKHomepage-0,301,Moved Permanently,Nion UK run-3 1-18,,true,,232,119,15,15,http://www.nikon.co.uk/en_GB/,241,0,0
1676755350780,497,NikonUKHomepage-1,200,OK,Nion UK run-3 1-18,text,true,,118575,119,15,15,https://www.nikon.co.uk/en_GB/,394,0,0
1676755349048,2472,Nikon Z-30,200,OK,Nion UK run-3 1-1,text,true,,186111,280,15,15,https://www.nikon.co.uk/en_GB/product/cameras/z-30/,241,0,0
1676755349048,241,Nikon Z-30-0,301,Moved Permanently,Nion UK run-3 1-1,,true,,253,140,15,15,http://www.nikon.co.uk/en_GB/product/cameras/z-30/,241,0,0
1676755349290,2230,Nikon Z-30-1,200,OK,Nion UK run-3 1-1,text,true,,185858,140,15,15,https://www.nikon.co.uk/en_GB/product/cameras/z-30/,2151,0,0
1676755349984,1751,NikonUKHomepage,200,OK,Nion UK run-3 1-3,text,true,,118942,238,14,14,https://www.nikon.co.uk/en_GB/,257,0,0
1676755349984,257,NikonUKHomepage-0,301,Moved Permanently,Nion UK run-3 1-3,,true,,232,119,14,14,http://www.nikon.co.uk/en_GB/,257,0,0
1676755350241,1494,NikonUKHomepage-1,200,OK,Nion UK run-3 1-3,text,true,,118710,119,14,14,https://www.nikon.co.uk/en_GB/,1421,0,0
1676755350009,1810,NikonUKHomepage,200,OK,Nion UK run-3 1-7,text,true,,118943,238,14,14,https://www.nikon.co.uk/en_GB/,242,0,0
1676755350009,242,NikonUKHomepage-0,301,Moved Permanently,Nion UK run-3 1-7,,true,,232,119,14,14,http://www.nikon.co.uk/en_GB/,242,0,0
1676755350251,1568,NikonUKHomepage-1,200,OK,Nion UK run-3 1-7,text,true,,118711,119,14,14,https://www.nikon.co.uk/en_GB/,1094,0,0
1676755350081,1780,NikonUKHomepage,200,OK,Nion UK run-3 1-10,text,true,,118871,238,14,14,https://www.nikon.co.uk/en_GB/,246,0,0
1676755350081,246,NikonUKHomepage-0,301,Moved Permanently,Nion UK run-3 1-10,,true,,232,119,14,14,http://www.nikon.co.uk/en_GB/,246,0,0
1676755350328,1533,NikonUKHomepage-1,200,OK,Nion UK run-3 1-10,text,true,,118639,119,14,14,https://www.nikon.co.uk/en_GB/,1498,0,0
1676755349363,2498,Nikon Z-30,200,OK,Nion UK run-3 1-12,text,true,,186101,280,14,14,https://www.nikon.co.uk/en_GB/product/cameras/z-30/,251,0,0
1676755349363,251,Nikon Z-30-0,301,Moved Permanently,Nion UK run-3 1-12,,true,,253,140,14,14,http://www.nikon.co.uk/en_GB/product/cameras/z-30/,251,0,0
1676755349614,2247,Nikon Z-30-1,200,OK,Nion UK run-3 1-12,text,true,,185848,140,14,14,https://www.nikon.co.uk/en_GB/product/cameras/z-30/,2104,0,0
1676755350077,1808,NikonUKHomepage,200,OK,Nion UK run-3 1-16,text,true,,118902,238,14,14,https://www.nikon.co.uk/en_GB/,250,0,0
1676755350077,250,NikonUKHomepage-0,301,Moved Permanently,Nion UK run-3 1-16,,true,,232,119,14,14,http://www.nikon.co.uk/en_GB/,250,0,0
1676755350328,1557,NikonUKHomepage-1,200,OK,Nion UK run-3 1-16,text,true,,118670,119,14,14,https://www.nikon.co.uk/en_GB/,1476,0,0
1676755348410,3810,Nikon Z-30,200,OK,Nion UK run-3 1-9,text,true,,186144,280,14,14,https://www.nikon.co.uk/en_GB/product/cameras/z-30/,253,0,0
1676755348410,253,Nikon Z-30-0,301,Moved Permanently,Nion UK run-3 1-9,,true,,253,140,14,14,http://www.nikon.co.uk/en_GB/product/cameras/z-30/,253,0,0
1676755348663,3557,Nikon Z-30-1,200,OK,Nion UK run-3 1-9,text,true,,185891,140,14,14,https://www.nikon.co.uk/en_GB/product/cameras/z-30/,3486,0,0
1676755348724,3866,Nikon Z-30,200,OK,Nion UK run-3 1-15,text,true,,186249,280,13,13,https://www.nikon.co.uk/en_GB/product/cameras/z-30/,252,0,0
1676755348724,252,Nikon Z-30-0,301,Moved Permanently,Nion UK run-3 1-15,,true,,253,140,13,13,http://www.nikon.co.uk/en_GB/product/cameras/z-30/,252,0,0
1676755348977,3613,Nikon Z-30-1,200,OK,Nion UK run-3 1-15,text,true,,185996,140,13,13,https://www.nikon.co.uk/en_GB/product/cameras/z-30/,3468,0,0
1676755349964,2640,Nikon Z-30,200,OK,Nion UK run-3 1-6,text,true,,186076,280,13,13,https://www.nikon.co.uk/en_GB/product/cameras/z-30/,223,0,0
1676755349964,223,Nikon Z-30-0,301,Moved Permanently,Nion UK run-3 1-6,,true,,253,140,13,13,http://www.nikon.co.uk/en_GB/product/cameras/z-30/,223,0,0
1676755350188,2416,Nikon Z-30-1,200,OK,Nion UK run-3 1-6,text,true,,185823,140,13,13,https://www.nikon.co.uk/en_GB/product/cameras/z-30/,2374,0,0
1676755351862,938,NikonUKHomepage,200,OK,Nion UK run-3 1-12,text,true,,118881,238,13,13,https://www.nikon.co.uk/en_GB/,239,0,0
1676755351862,239,NikonUKHomepage-0,301,Moved Permanently,Nion UK run-3 1-12,,true,,232,119,13,13,http://www.nikon.co.uk/en_GB/,239,0,0
1676755352101,699,NikonUKHomepage-1,200,OK,Nion UK run-3 1-12,text,true,,118649,119,13,13,https://www.nikon.co.uk/en_GB/,661,0,0
1676755348816,4167,Nikon Z-30,200,OK,Nion UK run-3 1-17,text,true,,186101,280,13,13,https://www.nikon.co.uk/en_GB/product/cameras/z-30/,254,0,0
1676755348816,254,Nikon Z-30-0,301,Moved Permanently,Nion UK run-3 1-17,,true,,253,140,13,13,http://www.nikon.co.uk/en_GB/product/cameras/z-30/,254,0,0
1676755349070,3913,Nikon Z-30-1,200,OK,Nion UK run-3 1-17,text,true,,185848,140,13,13,https://www.nikon.co.uk/en_GB/product/cameras/z-30/,3659,0,0
1676755350773,2527,Nikon Z-30,200,OK,Nion UK run-3 1-20,text,true,,186200,280,13,13,https://www.nikon.co.uk/en_GB/product/cameras/z-30/,243,0,0
1676755350773,243,Nikon Z-30-0,301,Moved Permanently,Nion UK run-3 1-20,,true,,253,140,13,13,http://www.nikon.co.uk/en_GB/product/cameras/z-30/,243,0,0
1676755351016,2284,Nikon Z-30-1,200,OK,Nion UK run-3 1-20,text,true,,185947,140,13,13,https://www.nikon.co.uk/en_GB/product/cameras/z-30/,2205,0,0
1676755352605,1278,NikonUKHomepage,200,OK,Nion UK run-3 1-6,text,true,,118838,238,13,13,https://www.nikon.co.uk/en_GB/,250,0,0
1676755352605,250,NikonUKHomepage-0,301,Moved Permanently,Nion UK run-3 1-6,,true,,232,119,13,13,http://www.nikon.co.uk/en_GB/,250,0,0
1676755352855,1028,NikonUKHomepage-1,200,OK,Nion UK run-3 1-6,text,true,,118606,119,13,13,https://www.nikon.co.uk/en_GB/,1002,0,0
1676755352591,1317,NikonUKHomepage,200,OK,Nion UK run-3 1-15,text,true,,118900,238,13,13,https://www.nikon.co.uk/en_GB/,252,0,0
1676755352591,252,NikonUKHomepage-0,301,Moved Permanently,Nion UK run-3 1-15,,true,,232,119,13,13,http://www.nikon.co.uk/en_GB/,252,0,0
1676755352843,1065,NikonUKHomepage-1,200,OK,Nion UK run-3 1-15,text,true,,118668,119,13,13,https://www.nikon.co.uk/en_GB/,937,0,0
1676755353300,681,NikonUKHomepage,200,OK,Nion UK run-3 1-20,text,true,,118808,238,13,13,https://www.nikon.co.uk/en_GB/,236,0,0
1676755353300,236,NikonUKHomepage-0,301,Moved Permanently,Nion UK run-3 1-20,,true,,232,119,13,13,http://www.nikon.co.uk/en_GB/,236,0,0
1676755353537,444,NikonUKHomepage-1,200,OK,Nion UK run-3 1-20,text,true,,118576,119,13,13,https://www.nikon.co.uk/en_GB/,399,0,0
1676755350197,3957,Nikon Z-30,200,OK,Nion UK run-3 1-11,text,true,,186122,280,13,13,https://www.nikon.co.uk/en_GB/product/cameras/z-30/,238,0,0
1676755350197,238,Nikon Z-30-0,301,Moved Permanently,Nion UK run-3 1-11,,true,,253,140,13,13,http://www.nikon.co.uk/en_GB/product/cameras/z-30/,238,0,0
1676755350435,3719,Nikon Z-30-1,200,OK,Nion UK run-3 1-11,text,true,,185869,140,13,13,https://www.nikon.co.uk/en_GB/product/cameras/z-30/,3453,0,0
1676755350473,3755,Nikon Z-30,200,OK,Nion UK run-3 1-2,text,true,,186068,280,12,12,https://www.nikon.co.uk/en_GB/product/cameras/z-30/,300,0,0
1676755350473,300,Nikon Z-30-0,301,Moved Permanently,Nion UK run-3 1-2,,true,,253,140,12,12,http://www.nikon.co.uk/en_GB/product/cameras/z-30/,300,0,0
1676755350773,3455,Nikon Z-30-1,200,OK,Nion UK run-3 1-2,text,true,,185815,140,12,12,https://www.nikon.co.uk/en_GB/product/cameras/z-30/,3376,0,0
1676755352983,1292,NikonUKHomepage,200,OK,Nion UK run-3 1-17,text,true,,118930,238,12,12,https://www.nikon.co.uk/en_GB/,254,0,0
1676755352983,254,NikonUKHomepage-0,301,Moved Permanently,Nion UK run-3 1-17,,true,,232,119,12,12,http://www.nikon.co.uk/en_GB/,254,0,0
1676755353237,1038,NikonUKHomepage-1,200,OK,Nion UK run-3 1-17,text,true,,118698,119,12,12,https://www.nikon.co.uk/en_GB/,981,0,0
1676755350946,3798,Nikon Z-30,200,OK,Nion UK run-3 1-5,text,true,,185843,280,12,12,https://www.nikon.co.uk/en_GB/product/cameras/z-30/,239,0,0
1676755350946,239,Nikon Z-30-0,301,Moved Permanently,Nion UK run-3 1-5,,true,,253,140,12,12,http://www.nikon.co.uk/en_GB/product/cameras/z-30/,239,0,0
1676755351186,3558,Nikon Z-30-1,200,OK,Nion UK run-3 1-5,text,true,,185590,140,12,12,https://www.nikon.co.uk/en_GB/product/cameras/z-30/,3348,0,0
1676755351277,3484,Nikon Z-30,200,OK,Nion UK run-3 1-18,text,true,,186136,280,11,11,https://www.nikon.co.uk/en_GB/product/cameras/z-30/,234,0,0
1676755351277,234,Nikon Z-30-0,301,Moved Permanently,Nion UK run-3 1-18,,true,,253,140,11,11,http://www.nikon.co.uk/en_GB/product/cameras/z-30/,234,0,0
1676755351511,3250,Nikon Z-30-1,200,OK,Nion UK run-3 1-18,text,true,,185883,140,11,11,https://www.nikon.co.uk/en_GB/product/cameras/z-30/,3076,0,0
1676755351736,3180,Nikon Z-30,200,OK,Nion UK run-3 1-3,text,true,,186101,280,11,11,https://www.nikon.co.uk/en_GB/product/cameras/z-30/,235,0,0
1676755351736,235,Nikon Z-30-0,301,Moved Permanently,Nion UK run-3 1-3,,true,,253,140,11,11,http://www.nikon.co.uk/en_GB/product/cameras/z-30/,235,0,0
1676755351971,2945,Nikon Z-30-1,200,OK,Nion UK run-3 1-3,text,true,,185848,140,11,11,https://www.nikon.co.uk/en_GB/product/cameras/z-30/,2895,0,0
1676755351885,3103,Nikon Z-30,200,OK,Nion UK run-3 1-16,text,true,,185827,280,10,10,https://www.nikon.co.uk/en_GB/product/cameras/z-30/,241,0,0
1676755351885,241,Nikon Z-30-0,301,Moved Permanently,Nion UK run-3 1-16,,true,,253,140,10,10,http://www.nikon.co.uk/en_GB/product/cameras/z-30/,241,0,0
1676755352126,2862,Nikon Z-30-1,200,OK,Nion UK run-3 1-16,text,true,,185574,140,10,10,https://www.nikon.co.uk/en_GB/product/cameras/z-30/,2842,0,0
1676755354228,924,NikonUKHomepage,200,OK,Nion UK run-3 1-2,text,true,,118966,238,10,10,https://www.nikon.co.uk/en_GB/,249,0,0
1676755354228,249,NikonUKHomepage-0,301,Moved Permanently,Nion UK run-3 1-2,,true,,232,119,10,10,http://www.nikon.co.uk/en_GB/,249,0,0
1676755354478,674,NikonUKHomepage-1,200,OK,Nion UK run-3 1-2,text,true,,118734,119,10,10,https://www.nikon.co.uk/en_GB/,607,0,0
1676755351861,3413,Nikon Z-30,200,OK,Nion UK run-3 1-10,text,true,,186093,280,10,10,https://www.nikon.co.uk/en_GB/product/cameras/z-30/,240,0,0
1676755351861,240,Nikon Z-30-0,301,Moved Permanently,Nion UK run-3 1-10,,true,,253,140,10,10,http://www.nikon.co.uk/en_GB/product/cameras/z-30/,240,0,0
1676755352101,3173,Nikon Z-30-1,200,OK,Nion UK run-3 1-10,text,true,,185840,140,10,10,https://www.nikon.co.uk/en_GB/product/cameras/z-30/,3058,0,0
1676755351820,3541,Nikon Z-30,200,OK,Nion UK run-3 1-7,text,true,,186161,280,10,10,https://www.nikon.co.uk/en_GB/product/cameras/z-30/,240,0,0
1676755351820,240,Nikon Z-30-0,301,Moved Permanently,Nion UK run-3 1-7,,true,,253,140,10,10,http://www.nikon.co.uk/en_GB/product/cameras/z-30/,240,0,0
1676755352061,3300,Nikon Z-30-1,200,OK,Nion UK run-3 1-7,text,true,,185908,140,10,10,https://www.nikon.co.uk/en_GB/product/cameras/z-30/,3033,0,0
1676755352801,2709,Nikon Z-30,200,OK,Nion UK run-3 1-12,text,true,,186063,280,9,9,https://www.nikon.co.uk/en_GB/product/cameras/z-30/,248,0,0
1676755352801,248,Nikon Z-30-0,301,Moved Permanently,Nion UK run-3 1-12,,true,,253,140,9,9,http://www.nikon.co.uk/en_GB/product/cameras/z-30/,248,0,0
1676755353050,2460,Nikon Z-30-1,200,OK,Nion UK run-3 1-12,text,true,,185810,140,9,9,https://www.nikon.co.uk/en_GB/product/cameras/z-30/,2405,0,0
1676755354762,1119,NikonUKHomepage,200,OK,Nion UK run-3 1-18,text,true,,118968,238,8,8,https://www.nikon.co.uk/en_GB/,326,0,0
1676755354762,326,NikonUKHomepage-0,301,Moved Permanently,Nion UK run-3 1-18,,true,,232,119,8,8,http://www.nikon.co.uk/en_GB/,326,0,0
1676755355089,792,NikonUKHomepage-1,200,OK,Nion UK run-3 1-18,text,true,,118736,119,8,8,https://www.nikon.co.uk/en_GB/,741,0,0
1676755354988,948,NikonUKHomepage,200,OK,Nion UK run-3 1-16,text,true,,118894,238,8,8,https://www.nikon.co.uk/en_GB/,222,0,0
1676755354988,222,NikonUKHomepage-0,301,Moved Permanently,Nion UK run-3 1-16,,true,,232,119,8,8,http://www.nikon.co.uk/en_GB/,222,0,0
1676755355210,726,NikonUKHomepage-1,200,OK,Nion UK run-3 1-16,text,true,,118662,119,8,8,https://www.nikon.co.uk/en_GB/,679,0,0
1676755355275,729,NikonUKHomepage,200,OK,Nion UK run-3 1-10,text,true,,118867,238,8,8,https://www.nikon.co.uk/en_GB/,237,0,0
1676755355275,237,NikonUKHomepage-0,301,Moved Permanently,Nion UK run-3 1-10,,true,,232,119,8,8,http://www.nikon.co.uk/en_GB/,237,0,0
1676755355512,492,NikonUKHomepage-1,200,OK,Nion UK run-3 1-10,text,true,,118635,119,8,8,https://www.nikon.co.uk/en_GB/,463,0,0
1676755353981,2555,Nikon Z-30,200,OK,Nion UK run-3 1-20,text,true,,186127,280,8,8,https://www.nikon.co.uk/en_GB/product/cameras/z-30/,240,0,0
1676755353981,240,Nikon Z-30-0,301,Moved Permanently,Nion UK run-3 1-20,,true,,253,140,8,8,http://www.nikon.co.uk/en_GB/product/cameras/z-30/,240,0,0
1676755354222,2314,Nikon Z-30-1,200,OK,Nion UK run-3 1-20,text,true,,185874,140,8,8,https://www.nikon.co.uk/en_GB/product/cameras/z-30/,2222,0,0
1676755353883,2947,Nikon Z-30,200,OK,Nion UK run-3 1-6,text,true,,186052,280,7,7,https://www.nikon.co.uk/en_GB/product/cameras/z-30/,239,0,0
1676755353883,239,Nikon Z-30-0,301,Moved Permanently,Nion UK run-3 1-6,,true,,253,140,7,7,http://www.nikon.co.uk/en_GB/product/cameras/z-30/,239,0,0
1676755354122,2708,Nikon Z-30-1,200,OK,Nion UK run-3 1-6,text,true,,185799,140,7,7,https://www.nikon.co.uk/en_GB/product/cameras/z-30/,2615,0,0
1676755354276,2613,Nikon Z-30,200,OK,Nion UK run-3 1-17,text,true,,186120,280,6,6,https://www.nikon.co.uk/en_GB/product/cameras/z-30/,220,0,0
1676755354276,220,Nikon Z-30-0,301,Moved Permanently,Nion UK run-3 1-17,,true,,253,140,6,6,http://www.nikon.co.uk/en_GB/product/cameras/z-30/,220,0,0
1676755354496,2393,Nikon Z-30-1,200,OK,Nion UK run-3 1-17,text,true,,185867,140,6,6,https://www.nikon.co.uk/en_GB/product/cameras/z-30/,2269,0,0
1676755353908,2983,Nikon Z-30,200,OK,Nion UK run-3 1-15,text,true,,186117,280,5,5,https://www.nikon.co.uk/en_GB/product/cameras/z-30/,258,0,0
1676755353908,258,Nikon Z-30-0,301,Moved Permanently,Nion UK run-3 1-15,,true,,253,140,5,5,http://www.nikon.co.uk/en_GB/product/cameras/z-30/,258,0,0
1676755354166,2725,Nikon Z-30-1,200,OK,Nion UK run-3 1-15,text,true,,185864,140,5,5,https://www.nikon.co.uk/en_GB/product/cameras/z-30/,2593,0,0
1676755356891,815,NikonUKHomepage,200,OK,Nion UK run-3 1-15,text,true,,118682,238,5,5,https://www.nikon.co.uk/en_GB/,238,0,0
1676755356891,238,NikonUKHomepage-0,301,Moved Permanently,Nion UK run-3 1-15,,true,,232,119,5,5,http://www.nikon.co.uk/en_GB/,238,0,0
1676755357130,576,NikonUKHomepage-1,200,OK,Nion UK run-3 1-15,text,true,,118450,119,5,5,https://www.nikon.co.uk/en_GB/,565,0,0
1676755355153,2659,Nikon Z-30,200,OK,Nion UK run-3 1-2,text,true,,186138,280,5,5,https://www.nikon.co.uk/en_GB/product/cameras/z-30/,242,0,0
1676755355153,242,Nikon Z-30-0,301,Moved Permanently,Nion UK run-3 1-2,,true,,253,140,5,5,http://www.nikon.co.uk/en_GB/product/cameras/z-30/,242,0,0
1676755355395,2417,Nikon Z-30-1,200,OK,Nion UK run-3 1-2,text,true,,185885,140,5,5,https://www.nikon.co.uk/en_GB/product/cameras/z-30/,2311,0,0
1676755356005,2749,Nikon Z-30,200,OK,Nion UK run-3 1-10,text,true,,186295,280,4,4,https://www.nikon.co.uk/en_GB/product/cameras/z-30/,238,0,0
1676755356005,238,Nikon Z-30-0,301,Moved Permanently,Nion UK run-3 1-10,,true,,253,140,4,4,http://www.nikon.co.uk/en_GB/product/cameras/z-30/,238,0,0
1676755356243,2511,Nikon Z-30-1,200,OK,Nion UK run-3 1-10,text,true,,186042,140,4,4,https://www.nikon.co.uk/en_GB/product/cameras/z-30/,2320,0,0
1676755355937,2855,Nikon Z-30,200,OK,Nion UK run-3 1-16,text,true,,186050,280,3,3,https://www.nikon.co.uk/en_GB/product/cameras/z-30/,235,0,0
1676755355937,235,Nikon Z-30-0,301,Moved Permanently,Nion UK run-3 1-16,,true,,253,140,3,3,http://www.nikon.co.uk/en_GB/product/cameras/z-30/,235,0,0
1676755356173,2619,Nikon Z-30-1,200,OK,Nion UK run-3 1-16,text,true,,185797,140,3,3,https://www.nikon.co.uk/en_GB/product/cameras/z-30/,2551,0,0
1676755355882,3085,Nikon Z-30,200,OK,Nion UK run-3 1-18,text,true,,186140,280,2,2,https://www.nikon.co.uk/en_GB/product/cameras/z-30/,258,0,0
1676755355882,258,Nikon Z-30-0,301,Moved Permanently,Nion UK run-3 1-18,,true,,253,140,2,2,http://www.nikon.co.uk/en_GB/product/cameras/z-30/,258,0,0
1676755356141,2826,Nikon Z-30-1,200,OK,Nion UK run-3 1-18,text,true,,185887,140,2,2,https://www.nikon.co.uk/en_GB/product/cameras/z-30/,2736,0,0
1676755357707,2629,Nikon Z-30,200,OK,Nion UK run-3 1-15,text,true,,186050,280,1,1,https://www.nikon.co.uk/en_GB/product/cameras/z-30/,235,0,0
1676755357707,235,Nikon Z-30-0,301,Moved Permanently,Nion UK run-3 1-15,,true,,253,140,1,1,http://www.nikon.co.uk/en_GB/product/cameras/z-30/,235,0,0
1676755357943,2393,Nikon Z-30-1,200,OK,Nion UK run-3 1-15,text,true,,185797,140,1,1,https://www.nikon.co.uk/en_GB/product/cameras/z-30/,2276,0,0
